Workbook

Sheet Leyenda
A1: Accesorios de polietileno · La Tienda del Jardín · plantilla para la base de datos de PIPING
A3: Qué contiene
A4: • Hoja «Accesorios»: una fila por pieza y medida, con los tipos y medidas leídos de latiendadeljardin.com (categoría 118 «Piezas de polietileno»).
A5: • Hoja «Parámetros»: medidas del tubo PE de referencia, diámetros de paso de los insertos y de las roscas, fT de Crane y coeficientes por tipo de pieza.
A6: • Hoja «Packs»: los packs de 4 o 5 unidades y los kits de riego de la tienda, enlazados a su pieza, con el precio por unidad.
A7: • Hoja «Fuentes»: de dónde sale cada dato.
A9: Colores
A10: • Texto azul: dato introducido (de la tienda o supuesto). Texto negro: fórmula, no la toques.
A11: • Precio: el de la pieza suelta es el «desde» de la tienda (medida más pequeña); el de pack es el de esa medida.
A12: • Fondo amarillo: dato que hay que verificar o completar. Sobre todo: diámetros de paso, roscas equivalentes y precio por medida.
A14: Cómo se calcula el K (Crane TP-410M, fórmulas 5 y 6, θ = 180°: estrechamiento brusco del inserto)
A15: K (referido a la velocidad en el tubo de salida, Dint2) = [K1 + 0,5·(1 − (dp/Dint1)²) + (1 − (dp/Dint2)²)²] · (Dint2/dp)⁴
... A27: 4. Cuando esté revisada, pásamela y genero el SQL para Supabase (13_accesorios_pe.sql). Saldrá en Librerías › Accesorios, filtrada como plástico.

Sheet Parámetros
A1: Parámetros del cálculo
A3: Tubo PE de referencia: PE100 SDR 11 (PN 16) · EN 12201-2
A4: d (mm) | B4: Rosca BSP equivalente | C4: e (mm) | D4: Dint tubo (mm) | E4: d paso inserto (mm) | F4: NPS para fT | G4: fT (Crane)
A5: 20 | B5: 1/2" | C5: 2 | D5: =A5-2*C5 -> 16 | E5: 13 | F5: 1/2" | G5: 0.027
A6: 25 | B6: 3/4" | C6: 2.3 | D6: =A6-2*C6 -> 20.4 | E6: 17 | F6: 3/4" | G6: 0.025
A7: 32 | B7: 1" | C7: 2.9 | D7: =A7-2*C7 -> 26.2 | E7: 22 | F7: 1" | G7: 0.023
A8: 40 | B8: 1 1/4" | C8: 3.7 | D8: =A8-2*C8 -> 32.6 | E8: 28 | F8: 1 1/4" | G8: 0.022
A9: 50 | B9: 1 1/2" | C9: 4.6 | D9: =A9-2*C9 -> 40.8 | E9: 35 | F9: 1 1/2" | G9: 0.021
A10: 63 | B10: 2" | C10: 5.8 | D10: =A10-2*C10 -> 51.4 | E10: 45 | F10: 2" | G10: 0.019
A11: 75 | B11: 2 1/2" | C11: 6.8 | D11: =A11-2*C11 -> 61.4 | E11: 54 | F11: 2 1/2" | G11: 0.018
A12: 90 | B12: 3" | C12: 8.2 | D12: =A12-2*C12 -> 73.6 | E12: 66 | F12: 3" | G12: 0.018
A14: Piezas roscadas BSP: diámetro de paso de referencia
A15: Rosca | B15: d paso (mm) | C15: fT (Crane)
A16: 1/2" | B16: 15.8 | C16: 0.027
A17: 3/4" | B17: 20.9 | C17: 0.025
A18: 1" | B18: 26.6 | C18: 0.023
A19: 1 1/4" | B19: 35.1 | C19: 0.022
A20: 1 1/2" | B20: 40.9 | C20: 0.021
A21: 2" | B21: 52.5 | C21: 0.019
A22: 2 1/2" | B22: 62.7 | C22: 0.018
A23: 3" | B23: 77.9 | C23: 0.018
A25: Coeficientes por tipo de pieza: K1 = n·fT (Crane A-29) y K adicional fijo
A26: Clave | B26: Pieza | C26: n paso | D26: n derivación | E26: K adicional fijo | F26: Fuente
A27: MANG | B27: Manguito / enlace de compresión (cuerpo recto) | C27: 0 | E27: 0 | F27: Solo pérdida del inserto (Crane fórm. 6)
A28: CODO | B28: Codo 90° (cuerpo de codo estándar) | C28: 30 | E28: 0 | F28: Crane A-29: codo estándar 90° = 30·fT
A29: TE | B29: Te (paso directo / derivación) | C29: 20 | D29: 60 | E29: 0 | F29: Crane A-29: te paso 20·fT, derivación 60·fT
A30: ROSC | B30: Pieza roscada recta (machón, manguito, tuerca) | C30: 0 | E30: 0.04 | F30: Perry: manguito / unión 0,04
A31: DEP | B31: Pasamuros / adaptador de depósito | C31: 0 | E31: 0.5 | F31: Crane A-30: entrada a ras 0,5 · salida 1,0

Sheet Packs
A1: Ref. pack | B1: Artículo (tienda) | C1: Unidades | D1: Código de la pieza | E1: Precio pack (€, IVA incl.) | F1: Precio por unidad (€) | G1: K paso de la pieza | H1: URL | I1: Notas
A2: 5220_x4 | B2: Pack 4 Manguito Polietileno 20mm (Aenor) | C2: 4 | D2: PE-MI-20 | E2: 12.95 | F2: =IF(E2="","",E2/C2) -> 3.2375 | G2: =IF(D2="","",IFERROR(INDEX(Accesorios!$S$2:$S$129,MATCH(D2,Accesorios!$A$2:$A$129,0)),"")) -> 0.65491404 | H2: https://latiendadeljardin.com/es/piezas-de-polietileno/3193-enlace-manguito-polietileno-20mm-pack4.html
A3: 5225_x4 | B3: Pack 4 Manguito Polietileno 25mm (Aenor) | C3: 4 | D3: PE-MI-25 | E3: 11.95 | F3: =IF(E3="","",E3/C3) -> 2.9875 | G3: =IF(D3="","",IFERROR(INDEX(Accesorios!$S$2:$S$129,MATCH(D3,Accesorios!$A$2:$A$129,0)),"")) -> 0.5104 | H3: https://latiendadeljardin.com/es/piezas-de-polietileno/3195-enlace-manguito-polietileno-25mm-pack4.html
A4: 5232_x4 | B4: Pack 4 Manguito Polietileno 32mm (Aenor) | C4: 4 | D4: PE-MI-32 | E4: 14.95 | F4: =IF(E4="","",E4/C4) -> 3.7375 | G4: =IF(D4="","",IFERROR(INDEX(Accesorios!$S$2:$S$129,MATCH(D4,Accesorios!$A$2:$A$129,0)),"")) -> 0.47154997 | H4: https://latiendadeljardin.com/es/piezas-de-polietileno/3196-enlace-manguito-polietileno-32mm-pack4-8420082100900.html
A5: 5240_x4 | B5: Pack 4 Manguito Polietileno 40mm (Aenor) | C5: 4 | D5: PE-MI-40 | E5: 24.95 | F5: =IF(E5="","",E5/C5) -> 6.2375 | G5: =IF(D5="","",IFERROR(INDEX(Accesorios!$S$2:$S$129,MATCH(D5,Accesorios!$A$2:$A$129,0)),"")) -> 0.36741629 | H5: https://latiendadeljardin.com/es/piezas-de-polietileno/3197-enlace-manguito-polietileno-40mm-pack4.html
A6: 5250_x4 | B6: Pack 4 Manguito Polietileno 50mm (Aenor) | C6: 4 | D6: PE-MI-50 | E6: 37.95 | F6: =IF(E6="","",E6/C6) -> 9.4875 | G6: =IF(D6="","",IFERROR(INDEX(Accesorios!$S$2:$S$129,MATCH(D6,Accesorios!$A$2:$A$129,0)),"")) -> 0.37264773 | H6: https://latiendadeljardin.com/es/piezas-de-polietileno/3198-enlace-manguito-polietileno-50mm-pack4-8420082100924.html
A7: 5263_x4 | B7: Pack 4 Manguito Polietileno 63mm (Aenor) | C7: 4 | D7: PE-MI-63 | E7: 58.95 | F7: =IF(E7="","",E7/C7) -> 14.7375 | G7: =IF(D7="","",IFERROR(INDEX(Accesorios!$S$2:$S$129,MATCH(D7,Accesorios!$A$2:$A$129,0)),"")) -> 0.29157298 | H7: https://latiendadeljardin.com/es/piezas-de-polietileno/3199-enlace-manguito-polietileno-63mm-pack4.html
A8: 5275_x5 | B8: Pack 5 Manguito Polietileno 75mm (Aenor) | C8: 5 | D8: PE-MI-75 | E8: 88.95 | F8: =IF(E8="","",E8/C8) -> 17.79 | G8: =IF(D8="","",IFERROR(INDEX(Accesorios!$S$2:$S$129,MATCH(D8,Accesorios!$A$2:$A$129,0)),"")) -> 0.27507113 | H8: https://latiendadeljardin.com/es/piezas-de-polietileno/3200-enlace-manguito-polietileno-75mm-pack5.html
A9: 5290_x5 | B9: Pack 5 Manguito Polietileno 90mm (Aenor) | C9: 5 | D9: PE-MI-90 | E9: 130.95 | F9: =IF(E9="","",E9/C9) -> 26.19 | G9: =IF(D9="","",IFERROR(INDEX(Accesorios!$S$2:$S$129,MATCH(D9,Accesorios!$A$2:$A$129,0)),"")) -> 0.21076578 | H9: https://latiendadeljardin.com/es/piezas-de-polietileno/3201-enlace-manguito-polietileno-90mm-pack5.html
A10: MR2520_x4 | B10: Pack 4 Manguito Reducido Polietileno 25 a 20 mm (Aenor) | C10: 4 | D10: PE-MR-25x20 | E10: 9.95 | F10: =IF(E10="","",E10/C10) -> 2.4875 | G10: =IF(D10="","",IFERROR(INDEX(Accesorios!$S$2:$S$129,MATCH(D10,Accesorios!$A$2:$A$129,0)),"")) -> 0.94639957 | H10: https://latiendadeljardin.com/es/piezas-de-polietileno/3256-enlace-manguito-reducido-25-20mm-pack4.html
A11: MR3225_x4 | B11: Pack 4 Manguito Reducido Polietileno 32 a 25 mm (Aenor) | C11: 4 | D11: PE-MR-32x25 | E11: 12.95 | F11: =IF(E11="","",E11/C11) -> 3.2375 | G11: =IF(D11="","",IFERROR(INDEX(Accesorios!$S$2:$S$129,MATCH(D11,Accesorios!$A$2:$A$129,0)),"")) -> 0.79389397 | H11: https://latiendadeljardin.com/es/piezas-de-polietileno/3257-enlace-manguito-reducido-32-25mm-pack4.html
A12: MR4032_x4 | B12: Pack 4 Manguito Reducido Polietileno 40 a 32 mm (Aenor) | C12: 4 | D12: PE-MR-40x32 | E12: 18.95 | F12: =IF(E12="","",E12/C12) -> 4.7375 | G12: =IF(D12="","",IFERROR(INDEX(Accesorios!$S$2:$S$129,MATCH(D12,Accesorios!$A$2:$A$129,0)),"")) -> 0.72265148 | H12: https://latiendadeljardin.com/es/piezas-de-polietileno/3258-enlace-manguito-reducido-40-32mm-pack4.html
A13: MR5040_x4 | B13: Pack 4 Manguito Reducido Polietileno 50 a 40 mm (Aenor) | C13: 4 | D13: PE-MR-50x40 | E13: 26.95 | F13: =IF(E13="","",E13/C13) -> 6.7375 | G13: =IF(D13="","",IFERROR(INDEX(Accesorios!$S$2:$S$129,MATCH(D13,Accesorios!$A$2:$A$129,0)),"")) -> 0.61247984 | H13: https://latiendadeljardin.com/es/piezas-de-polietileno/3259-enlace-manguito-reducido-50-40mm-pack4.html
... A16: MR9075_x4 | B16: Pack 4 Manguito Reducido Polietileno 90 a 75 mm (Aenor) | C16: 4 | D16: PE-MR-90x75 | E16: 109.95 | F16: =IF(E16="","",E16/C16) -> 27.4875 | G16: =IF(D16="","",IFERROR(INDEX(Accesorios!$S$2:$S$129,MATCH(D16,Accesorios!$A$2:$A$129,0)),"")) -> 0.47161395 | H16: https://latiendadeljardin.com/es/piezas-de-polietileno/3262-enlace-manguito-reducido-90-75mm-pack4.html
A17: 5920_x4 | B17: Pack 4 Tapón Polietileno 20mm (Aenor) | C17: 4 | D17: PE-TF-20 | F17: =IF(E17="","",E17/C17) | G17: =IF(D17="","",IFERROR(INDEX(Accesorios!$S$2:$S$129,MATCH(D17,Accesorios!$A$2:$A$129,0)),"")) -> 0 | H17: https://latiendadeljardin.com/es/piezas-de-polietileno/3153-tapon-final-polietileno-20mm-pack4.html | I17: No confirmado: no se pudo leer en la tienda
A18: 5925_x4 | B18: Pack 4 Tapón Polietileno 25mm (Aenor) | C18: 4 | D18: PE-TF-25 | E18: 8.95 | F18: =IF(E18="","",E18/C18) -> 2.2375 | G18: =IF(D18="","",IFERROR(INDEX(Accesorios!$S$2:$S$129,MATCH(D18,Accesorios!$A$2:$A$129,0)),"")) -> 0 | H18: https://latiendadeljardin.com/es/piezas-de-polietileno/3154-tapon-final-polietileno-25mm-pack4.html
A19: 5932_x4 | B19: Pack 4 Tapón Polietileno 32mm (Aenor) | C19: 4 | D19: PE-TF-32 | E19: 11.95 | F19: =IF(E19="","",E19/C19) -> 2.9875 | G19: =IF(D19="","",IFERROR(INDEX(Accesorios!$S$2:$S$129,MATCH(D19,Accesorios!$A$2:$A$129,0)),"")) -> 0 | H19: https://latiendadeljardin.com/es/piezas-de-polietileno/3155-tapon-final-polietileno-32mm-pack4.html
A20: 5940_x4 | B20: Pack 4 Tapón Polietileno 40mm (Aenor) | C20: 4 | D20: PE-TF-40 | F20: =IF(E20="","",E20/C20) | G20: =IF(D20="","",IFERROR(INDEX(Accesorios!$S$2:$S$129,MATCH(D20,Accesorios!$A$2:$A$129,0)),"")) -> 0 | H20: https://latiendadeljardin.com/es/piezas-de-polietileno/3156-tapon-final-polietileno-40mm-pack4.html | I20: No confirmado: no se pudo leer en la tienda
A21: 5950_x4 | B21: Pack 4 Tapón Polietileno 50mm (Aenor) | C21: 4 | D21: PE-TF-50 | E21: 21.95 | F21: =IF(E21="","",E21/C21) -> 5.4875 | G21: =IF(D21="","",IFERROR(INDEX(Accesorios!$S$2:$S$129,MATCH(D21,Accesorios!$A$2:$A$129,0)),"")) -> 0 | H21: https://latiendadeljardin.com/es/piezas-de-polietileno/3157-tapon-final-polietileno-50mm-pack4.html
A22: 5963_x4 | B22: Pack 4 Tapón Polietileno 63mm (Aenor) | C22: 4 | D22: PE-TF-63 | E22: 30.95 | F22: =IF(E22="","",E22/C22) -> 7.7375 | G22: =IF(D22="","",IFERROR(INDEX(Accesorios!$S$2:$S$129,MATCH(D22,Accesorios!$A$2:$A$129,0)),"")) -> 0 | H22: https://latiendadeljardin.com/es/piezas-de-polietileno/3158-tapon-final-polietileno-63mm-pack4.html
A23: 5975_x4 | B23: Pack 4 Tapón Polietileno 75mm (Aenor) | C23: 4 | D23: PE-TF-75 | E23: 50.95 | F23: =IF(E23="","",E23/C23) -> 12.7375 | G23: =IF(D23="","",IFERROR(INDEX(Accesorios!$S$2:$S$129,MATCH(D23,Accesorios!$A$2:$A$129,0)),"")) -> 0 | H23: https://latiendadeljardin.com/es/piezas-de-polietileno/3159-tapon-final-polietileno-75mm-pack4.html
A24: 5120_x4 | B24: Pack 4 Enlace Hembra Polietileno 20mm x 1/2" (Aenor) | C24: 4 | D24: PE-EH-20 | E24: 5.95 | F24: =IF(E24="","",E24/C24) -> 1.4875 | G24: =IF(D24="","",IFERROR(INDEX(Accesorios!$S$2:$S$129,MATCH(D24,Accesorios!$A$2:$A$129,0)),"")) -> 0.65491404 | H24: https://latiendadeljardin.com/es/piezas-de-polietileno/3347-enlace-hembra-pe-20mm-pack4.html
A25: 5125_x4 | B25: Pack 4 Enlace Hembra Polietileno 25mm x 3/4" (Aenor) | C25: 4 | D25: PE-EH-25 | E25: 7.95 | F25: =IF(E25="","",E25/C25) -> 1.9875 | G25: =IF(D25="","",IFERROR(INDEX(Accesorios!$S$2:$S$129,MATCH(D25,Accesorios!$A$2:$A$129,0)),"")) -> 0.5104 | H25: https://latiendadeljardin.com/es/piezas-de-polietileno/3348-enlace-hembra-pe-25mm-pack4.html
A26: 5132_x4 | B26: Pack 4 Enlace Hembra Polietileno 32mm x 1" (Aenor) | C26: 4 | D26: PE-EH-32 | E26: 10.95 | F26: =IF(E26="","",E26/C26) -> 2.7375 | G26: =IF(D26="","",IFERROR(INDEX(Accesorios!$S$2:$S$129,MATCH(D26,Accesorios!$A$2:$A$129,0)),"")) -> 0.47154997 | H26: https://latiendadeljardin.com/es/piezas-de-polietileno/3349-enlace-hembra-pe-32mm-pack4.html
A27: 5140_x4 | B27: Pack 4 Enlace Hembra Polietileno 40mm x 1 1/4" (Aenor) | C27: 4 | D27: PE-EH-40 | E27: 15.95 | F27: =IF(E27="","",E27/C27) -> 3.9875 | G27: =IF(D27="","",IFERROR(INDEX(Accesorios!$S$2:$S$129,MATCH(D27,Accesorios!$A$2:$A$129,0)),"")) -> 0.36741629 | H27: https://latiendadeljardin.com/es/piezas-de-polietileno/3350-enlace-hembra-pe-40mm-pack4.html
A28: 5150_x4 | B28: Pack 4 Enlace Hembra Polietileno 50mm x 1 1/2" (Aenor) | C28: 4 | D28: PE-EH-50 | E28: 20.95 | F28: =IF(E28="","",E28/C28) -> 5.2375 | G28: =IF(D28="","",IFERROR(INDEX(Accesorios!$S$2:$S$129,MATCH(D28,Accesorios!$A$2:$A$129,0)),"")) -> 0.37264773 | H28: https://latiendadeljardin.com/es/piezas-de-polietileno/3351-enlace-hembra-pe-50mm-pack4.html
A29: 5163_x4 | B29: Pack 4 Enlace Hembra Polietileno 63mm x 2" (Aenor) | C29: 4 | D29: PE-EH-63 | E29: 31.95 | F29: =IF(E29="","",E29/C29) -> 7.9875 | G29: =IF(D29="","",IFERROR(INDEX(Accesorios!$S$2:$S$129,MATCH(D29,Accesorios!$A$2:$A$129,0)),"")) -> 0.29157298 | H29: https://latiendadeljardin.com/es/piezas-de-polietileno/3352-enlace-hembra-pe-63mm-pack4.html
A30: 5175_x4 | B30: Pack 4 Enlace Hembra Polietileno 75mm x 2 1/2" (Aenor) | C30: 4 | D30: PE-EH-75 | E30: 61.95 | F30: =IF(E30="","",E30/C30) -> 15.4875 | G30: =IF(D30="","",IFERROR(INDEX(Accesorios!$S$2:$S$129,MATCH(D30,Accesorios!$A$2:$A$129,0)),"")) -> 0.27507113 | H30: https://latiendadeljardin.com/es/piezas-de-polietileno/3353-enlace-hembra-pe-75mm-pack4.html
A31: 5190_x4 | B31: Pack 4 Enlace Hembra Polietileno 90mm x 3" (Aenor) | C31: 4 | D31: PE-EH-90 | E31: 75.95 | F31: =IF(E31="","",E31/C31) -> 18.9875 | G31: =IF(D31="","",IFERROR(INDEX(Accesorios!$S$2:$S$129,MATCH(D31,Accesorios!$A$2:$A$129,0)),"")) -> 0.21076578 | H31: https://latiendadeljardin.com/es/piezas-de-polietileno/3354-enlace-hembra-pe-90mm-pack4.html
A32: 5020_x4 | B32: Pack 4 Enlace Macho Polietileno 20mm x 1/2" (Aenor) | C32: 4 | D32: PE-EM-20 | E32: 6.95 | F32: =IF(E32="","",E32/C32) -> 1.7375 | G32: =IF(D32="","",IFERROR(INDEX(Accesorios!$S$2:$S$129,MATCH(D32,Accesorios!$A$2:$A$129,0)),"")) -> 0.65491404 | H32: https://latiendadeljardin.com/es/piezas-de-polietileno/16513-4-enlace-macho-polietileno-20mm.html
... A36: 5050_x4 | B36: Pack 4 Enlace Macho Polietileno 50mm x 1 1/2" (Aenor) | C36: 4 | D36: PE-EM-50 | E36: 22.95 | F36: =IF(E36="","",E36/C36) -> 5.7375 | G36: =IF(D36="","",IFERROR(INDEX(Accesorios!$S$2:$S$129,MATCH(D36,Accesorios!$A$2:$A$129,0)),"")) -> 0.37264773 | H36: https://latiendadeljardin.com/es/piezas-de-polietileno/16517-4-enlace-macho-polietileno-50mm.html
A37: 5063_x4 | B37: Pack 4 Enlace Macho Polietileno 63mm x 2" (Aenor) | C37: 4 | D37: PE-EM-63 | F37: =IF(E37="","",E37/C37) | G37: =IF(D37="","",IFERROR(INDEX(Accesorios!$S$2:$S$129,MATCH(D37,Accesorios!$A$2:$A$129,0)),"")) -> 0.29157298 | H37: https://latiendadeljardin.com/es/piezas-de-polietileno/16518-4-enlace-macho-polietileno-63mm.html | I37: No confirmado: no se pudo leer en la tienda
A38: 5075_x4 | B38: Pack 4 Enlace Macho Polietileno 75mm x 2 1/2" (Aenor) | C38: 4 | D38: PE-EM-75 | E38: 57.95 | F38: =IF(E38="","",E38/C38) -> 14.4875 | G38: =IF(D38="","",IFERROR(INDEX(Accesorios!$S$2:$S$129,MATCH(D38,Accesorios!$A$2:$A$129,0)),"")) -> 0.27507113 | H38: https://latiendadeljardin.com/es/piezas-de-polietileno/16519-4-enlace-macho-polietileno-75mm.html
A39: 5090_x4 | B39: Pack 4 Enlace Macho Polietileno 90mm x 3" (Aenor) | C39: 4 | D39: PE-EM-90 | E39: 81.95 | F39: =IF(E39="","",E39/C39) -> 20.4875 | G39: =IF(D39="","",IFERROR(INDEX(Accesorios!$S$2:$S$129,MATCH(D39,Accesorios!$A$2:$A$129,0)),"")) -> 0.21076578 | H39: https://latiendadeljardin.com/es/piezas-de-polietileno/16520-4-enlace-macho-polietileno-90mm.html
A40: 5420_x4 | B40: Pack 4 Te Polietileno 20mm (Aenor) | C40: 4 | D40: PE-TI-20 | E40: 10.95 | F40: =IF(E40="","",E40/C40) -> 2.7375 | G40: =IF(D40="","",IFERROR(INDEX(Accesorios!$S$2:$S$129,MATCH(D40,Accesorios!$A$2:$A$129,0)),"")) -> 1.8939967 | H40: https://latiendadeljardin.com/es/piezas-de-polietileno/16521-4-te-polietileno-20mm.html
A41: 5425_x4 | B41: Pack 4 Te Polietileno 25mm (Aenor) | C41: 4 | D41: PE-TI-25 | E41: 14.95 | F41: =IF(E41="","",E41/C41) -> 3.7375 | G41: =IF(D41="","",IFERROR(INDEX(Accesorios!$S$2:$S$129,MATCH(D41,Accesorios!$A$2:$A$129,0)),"")) -> 1.5472 | H41: https://latiendadeljardin.com/es/piezas-de-polietileno/16522-4-te-polietileno-25mm.html
A42: 5432_x4 | B42: Pack 4 Te Polietileno 32mm (Aenor) | C42: 4 | D42: PE-TI-32 | E42: 17.95 | F42: =IF(E42="","",E42/C42) -> 4.4875 | G42: =IF(D42="","",IFERROR(INDEX(Accesorios!$S$2:$S$129,MATCH(D42,Accesorios!$A$2:$A$129,0)),"")) -> 1.3968281 | H42: https://latiendadeljardin.com/es/piezas-de-polietileno/16523-4-te-polietileno-32mm.html
A43: 5440_x4 | B43: Pack 4 Te Polietileno 40mm (Aenor) | C43: 4 | D43: PE-TI-40 | E43: 29.95 | F43: =IF(E43="","",E43/C43) -> 7.4875 | G43: =IF(D43="","",IFERROR(INDEX(Accesorios!$S$2:$S$129,MATCH(D43,Accesorios!$A$2:$A$129,0)),"")) -> 1.1759366 | H43: https://latiendadeljardin.com/es/piezas-de-polietileno/16524-4-te-polietileno-40mm.html
A44: 5450_x4 | B44: Pack 4 Te Polietileno 50mm (Aenor) | C44: 4 | D44: PE-TI-50 | E44: 38.95 | F44: =IF(E44="","",E44/C44) -> 9.7375 | G44: =IF(D44="","",IFERROR(INDEX(Accesorios!$S$2:$S$129,MATCH(D44,Accesorios!$A$2:$A$129,0)),"")) -> 1.1482119 | H44: https://latiendadeljardin.com/es/piezas-de-polietileno/16525-4-te-polietileno-50mm.html
A45: 5463_x4 | B45: Pack 4 Te Polietileno 63mm (Aenor) | C45: 4 | D45: PE-TI-63 | E45: 45.95 | F45: =IF(E45="","",E45/C45) -> 11.4875 | G45: =IF(D45="","",IFERROR(INDEX(Accesorios!$S$2:$S$129,MATCH(D45,Accesorios!$A$2:$A$129,0)),"")) -> 0.93839682 | H45: https://latiendadeljardin.com/es/piezas-de-polietileno/16526-4-te-polietileno-63mm.html
A46: 5475_x4 | B46: Pack 4 Te Polietileno 75mm (Aenor) | C46: 4 | D46: PE-TI-75 | E46: 100.95 | F46: =IF(E46="","",E46/C46) -> 25.2375 | G46: =IF(D46="","",IFERROR(INDEX(Accesorios!$S$2:$S$129,MATCH(D46,Accesorios!$A$2:$A$129,0)),"")) -> 0.87680013 | H46: https://latiendadeljardin.com/es/piezas-de-polietileno/16527-4-te-polietileno-75mm.html
A47: 5490_x4 | B47: Pack 4 Te Polietileno 90mm (Aenor) | C47: 4 | D47: PE-TI-90 | E47: 148.95 | F47: =IF(E47="","",E47/C47) -> 37.2375 | G47: =IF(D47="","",IFERROR(INDEX(Accesorios!$S$2:$S$129,MATCH(D47,Accesorios!$A$2:$A$129,0)),"")) -> 0.76748731 | H47: https://latiendadeljardin.com/es/piezas-de-polietileno/16528-4-te-polietileno-90mm.html
A48: 5520_x4 | B48: Pack 4 Te Polietileno 20mm x 1/2" hembra (Aenor) | C48: 4 | D48: PE-TH-20 | E48: 10.95 | F48: =IF(E48="","",E48/C48) -> 2.7375 | G48: =IF(D48="","",IFERROR(INDEX(Accesorios!$S$2:$S$129,MATCH(D48,Accesorios!$A$2:$A$129,0)),"")) -> 1.8939967 | H48: https://latiendadeljardin.com/es/piezas-de-polietileno/18269-4-te-polietileno-hembra-20mm.html
A49: 5525_x4 | B49: Pack 4 Te Polietileno 25mm x 3/4" hembra (Aenor) | C49: 4 | D49: PE-TH-25 | E49: 13.95 | F49: =IF(E49="","",E49/C49) -> 3.4875 | G49: =IF(D49="","",IFERROR(INDEX(Accesorios!$S$2:$S$129,MATCH(D49,Accesorios!$A$2:$A$129,0)),"")) -> 1.5472 | H49: https://latiendadeljardin.com/es/piezas-de-polietileno/18270-4-te-polietileno-hembra-25mm.html
... A53: 5563_x4 | B53: Pack 4 Te Polietileno 63mm x 2" hembra (Aenor) | C53: 4 | D53: PE-TH-63 | E53: 43.95 | F53: =IF(E53="","",E53/C53) -> 10.9875 | G53: =IF(D53="","",IFERROR(INDEX(Accesorios!$S$2:$S$129,MATCH(D53,Accesorios!$A$2:$A$129,0)),"")) -> 0.93839682 | H53: https://latiendadeljardin.com/es/piezas-de-polietileno/16565-4-te-polietileno-hembra-63mm.html
A54: 5575_x4 | B54: Pack 4 Te Polietileno 75mm x 2 1/2" hembra (Aenor) | C54: 4 | D54: PE-TH-75 | E54: 151.95 | F54: =IF(E54="","",E54/C54) -> 37.9875 | G54: =IF(D54="","",IFERROR(INDEX(Accesorios!$S$2:$S$129,MATCH(D54,Accesorios!$A$2:$A$129,0)),"")) -> 0.87680013 | H54: https://latiendadeljardin.com/es/piezas-de-polietileno/16566-4-te-polietileno-hembra-75mm.html | I54: Más caro que el pack de 90 mm: revisar en la tienda
A55: 5590_x4 | B55: Pack 4 Te Polietileno 90mm x 3" hembra (Aenor) | C55: 4 | D55: PE-TH-90 | E55: 135.95 | F55: =IF(E55="","",E55/C55) -> 33.9875 | G55: =IF(D55="","",IFERROR(INDEX(Accesorios!$S$2:$S$129,MATCH(D55,Accesorios!$A$2:$A$129,0)),"")) -> 0.76748731 | H55: https://latiendadeljardin.com/es/piezas-de-polietileno/16567-4-te-polietileno-hembra-90mm.html
A56: 5620_x4 | B56: Pack 4 Codo Polietileno 20mm (Aenor) | C56: 4 | D56: PE-CI-20 | E56: 8.95 | F56: =IF(E56="","",E56/C56) -> 2.2375 | G56: =IF(D56="","",IFERROR(INDEX(Accesorios!$S$2:$S$129,MATCH(D56,Accesorios!$A$2:$A$129,0)),"")) -> 2.513538 | H56: https://latiendadeljardin.com/es/piezas-de-polietileno/17568-pack-4-codo-polietileno-20mm.html
A57: 5625_x4 | B57: Pack 4 Codo Polietileno 25mm (Aenor) | C57: 4 | D57: PE-CI-25 | E57: 10.95 | F57: =IF(E57="","",E57/C57) -> 2.7375 | G57: =IF(D57="","",IFERROR(INDEX(Accesorios!$S$2:$S$129,MATCH(D57,Accesorios!$A$2:$A$129,0)),"")) -> 2.0656 | H57: https://latiendadeljardin.com/es/piezas-de-polietileno/17569-pack-4-codo-polietileno-25mm.html
A58: 5632_x4 | B58: Pack 4 Codo Polietileno 32mm (Aenor) | C58: 4 | D58: PE-CI-32 | E58: 13.95 | F58: =IF(E58="","",E58/C58) -> 3.4875 | G58: =IF(D58="","",IFERROR(INDEX(Accesorios!$S$2:$S$129,MATCH(D58,Accesorios!$A$2:$A$129,0)),"")) -> 1.8594671 | H58: https://latiendadeljardin.com/es/piezas-de-polietileno/17570-pack-4-codo-polietileno-32mm.html
A59: MAR_x5_8439 | B59: Pack 5 Machón roscado plástico 3/4"x1/2" PN10 | C59: 5 | D59: PE-MAR-3/4x1/2 | E59: 2.95 | F59: =IF(E59="","",E59/C59) -> 0.59 | G59: =IF(D59="","",IFERROR(INDEX(Accesorios!$S$2:$S$129,MATCH(D59,Accesorios!$A$2:$A$129,0)),"")) -> 0.25424647 | H59: https://latiendadeljardin.com/es/piezas-de-polietileno/8439-pack5-machon-roscado-plastico.html
A60: MAR_x5_8440 | B60: Pack 5 Machón roscado plástico 1"x1/2" PN10 | C60: 5 | D60: PE-MAR-1x1/2 | E60: 4.95 | F60: =IF(E60="","",E60/C60) -> 0.99 | G60: =IF(D60="","",IFERROR(INDEX(Accesorios!$S$2:$S$129,MATCH(D60,Accesorios!$A$2:$A$129,0)),"")) -> 0.36359093 | H60: https://latiendadeljardin.com/es/piezas-de-polietileno/8440-pack5-machon-roscado-plastico.html
A61: MAR_x5_8441 | B61: Pack 5 Machón roscado plástico 1"x3/4" PN10 | C61: 5 | D61: PE-MAR-1x3/4 | E61: 4.95 | F61: =IF(E61="","",E61/C61) -> 0.99 | G61: =IF(D61="","",IFERROR(INDEX(Accesorios!$S$2:$S$129,MATCH(D61,Accesorios!$A$2:$A$129,0)),"")) -> 0.23132653 | H61: https://latiendadeljardin.com/es/piezas-de-polietileno/8441-pack5-machon-roscado-plastico.html
A62: MAR_x5_8443 | B62: Pack 5 Machón roscado plástico 2"x1 1/2" PN10 | C62: 5 | D62: PE-MAR-2x11/2 | E62: 13.95 | F62: =IF(E62="","",E62/C62) -> 2.79 | G62: =IF(D62="","",IFERROR(INDEX(Accesorios!$S$2:$S$129,MATCH(D62,Accesorios!$A$2:$A$129,0)),"")) -> 0.2365424 | H62: https://latiendadeljardin.com/es/piezas-de-polietileno/8443-pack5-machon-roscado-plastico.html
A63: MA_x5_3/4" | B63: Pack 5 Machón roscado plástico 3/4"x3/4" PN10 | C63: 5 | D63: PE-MA-3/4 | F63: =IF(E63="","",E63/C63) | G63: =IF(D63="","",IFERROR(INDEX(Accesorios!$S$2:$S$129,MATCH(D63,Accesorios!$A$2:$A$129,0)),"")) -> 0.04 | H63: https://latiendadeljardin.com/es/piezas-de-polietileno/83-piezas-de-polietileno | I63: Precio no confirmado
A64: MA_x5_1" | B64: Pack 5 Machón roscado plástico 1"x1" PN10 | C64: 5 | D64: PE-MA-1 | E64: 4.95 | F64: =IF(E64="","",E64/C64) -> 0.99 | G64: =IF(D64="","",IFERROR(INDEX(Accesorios!$S$2:$S$129,MATCH(D64,Accesorios!$A$2:$A$129,0)),"")) -> 0.04 | H64: https://latiendadeljardin.com/es/piezas-de-polietileno/83-piezas-de-polietileno
A65: MA_x5_1 1/4" | B65: Pack 5 Machón roscado plástico 1 1/4"x1 1/4" PN10 | C65: 5 | D65: PE-MA-11/4 | E65: 6.95 | F65: =IF(E65="","",E65/C65) -> 1.39 | G65: =IF(D65="","",IFERROR(INDEX(Accesorios!$S$2:$S$129,MATCH(D65,Accesorios!$A$2:$A$129,0)),"")) -> 0.04 | H65: https://latiendadeljardin.com/es/piezas-de-polietileno/8436-pack5-machon-roscado-plastico.html
A66: MA_x5_1 1/2" | B66: Pack 5 Machón roscado plástico 1 1/2"x1 1/2" PN10 | C66: 5 | D66: PE-MA-11/2 | E66: 6.95 | F66: =IF(E66="","",E66/C66) -> 1.39 | G66: =IF(D66="","",IFERROR(INDEX(Accesorios!$S$2:$S$129,MATCH(D66,Accesorios!$A$2:$A$129,0)),"")) -> 0.04 | H66: https://latiendadeljardin.com/es/piezas-de-polietileno/83-piezas-de-polietileno
A67: MA_x5_2" | B67: Pack 5 Machón roscado plástico 2"x2" PN10 | C67: 5 | D67: PE-MA-2 | E67: 13.95 | F67: =IF(E67="","",E67/C67) -> 2.79 | G67: =IF(D67="","",IFERROR(INDEX(Accesorios!$S$2:$S$129,MATCH(D67,Accesorios!$A$2:$A$129,0)),"")) -> 0.04 | H67: https://latiendadeljardin.com/es/piezas-de-polietileno/8438-pack5-machon-roscado-plastico.html
A68: KIT20 | B68: Pack Riego Tubería 20mm: 5 Te + 5 Codo + 5 Enlace + 2 Tapón | C68: 17 | E68: 34.95 | F68: =IF(E68="","",E68/C68) -> 2.0558824 | G68: =IF(D68="","",IFERROR(INDEX(Accesorios!$S$2:$S$129,MATCH(D68,Accesorios!$A$2:$A$129,0)),"")) | H68: https://latiendadeljardin.com/es/piezas-de-polietileno/3888-pack-riego-tuberia-20mm.html | I68: Kit: 5 × PE-TI-20, 5 × PE-CI-20, 5 × PE-MI-20 (o enlace), 2 × PE-TF-20. Precio por pieza = media del kit
A69: KIT25 | B69: Pack Riego Tubería 25mm: 5 Te + 5 Codo + 5 Enlace + 2 Tapón | C69: 17 | E69: 38.95 | F69: =IF(E69="","",E69/C69) -> 2.2911765 | G69: =IF(D69="","",IFERROR(INDEX(Accesorios!$S$2:$S$129,MATCH(D69,Accesorios!$A$2:$A$129,0)),"")) | H69: https://latiendadeljardin.com/es/piezas-de-polietileno/3889-pack-riego-tuberia-25mm.html | I69: Kit: 5 × PE-TI-25, 5 × PE-CI-25, 5 × PE-MI-25 (o enlace), 2 × PE-TF-25. Precio por pieza = media del kit
A70: KIT32 | B70: Pack Riego Tubería 32mm: 5 Te + 5 Codo + 5 Enlace + 2 Tapón | C70: 17 | E70: 17.95 | F70: =IF(E70="","",E70/C70) -> 1.0558824 | G70: =IF(D70="","",IFERROR(INDEX(Accesorios!$S$2:$S$129,MATCH(D70,Accesorios!$A$2:$A$129,0)),"")) | H70: https://latiendadeljardin.com/es/piezas-de-polietileno/3890-pack-riego-tuberia-32mm.html | I70: Kit: 5 × PE-TI-32, 5 × PE-CI-32, 5 × PE-MI-32 (o enlace), 2 × PE-TF-32. Precio por pieza = media del kit

Sheet Accesorios
A1: Código | B1: Artículo (tienda) | C1: Ref. tienda | D1: Subtipo PIPING | E1: Variante | F1: Conexión | G1: d1 (mm o ") | H1: d2 (mm o ") | I1: Rosca BSP | J1: PN (bar) | K1: Material | L1: Dint 1 (mm) | M1: Dint 2 (mm) | N1: d paso (mm) | O1: d paso deriv. (mm) | P1: fT | Q1: K1 paso | R1: K1 deriv. | S1: K paso (ref. salida) | T1: K derivación (ref. deriv.) | U1: K sentido inverso | V1: Origen del K | W1: Precio (€, IVA incl.) | X1: URL | Y1: Notas | Z1: Clave K | AA1: Tabla | AB1: Precio por unidad en pack (€) | AC1: Packs disponibles
A2: PE-MI-20 | B2: Manguito igual PE | C2: 5220 | D2: manguito | E2: Manguito de compresión igual | F2: Compresión × compresión | G2: 20 | J2: 16 | K2: PP (cuerpo) · compresión para tubo PE | L2: =INDEX(Parámetros!$D$5:$D$12,MATCH(G2,Parámetros!$A$5:$A$12,0)) -> 16 | M2: =INDEX(Parámetros!$D$5:$D$12,MATCH(IF(H2="",G2,H2),Parámetros!$A$5:$A$12,0)) -> 16 | N2: =INDEX(Parámetros!$E$5:$E$12,MATCH(G2,Parámetros!$A$5:$A$12,0)) -> 13 | P2: =INDEX(Parámetros!$G$5:$G$12,MATCH(G2,Parámetros!$A$5:$A$12,0)) -> 0.027 | Q2: =IF(Z2="","",INDEX(Parámetros!$C$27:$C$31,MATCH(Z2,Parámetros!$A$27:$A$31,0))*P2) -> 0 | S2: =(Q2+0.5*(1-(N2/L2)^2)+(1-(N2/M2)^2)^2)*(M2/N2)^4+IF(Z2="",0,INDEX(Parámetros!$E$27:$E$31,MATCH(Z2,Parámetros!$A$27:$A$31,0))) -> 0.65491404 | U2: =IF(H2="","",(Q2+0.5*(1-(N2/M2)^2)+(1-(N2/L2)^2)^2)*(M2/N2)^4+IF(Z2="",0,INDEX(Parámetros!$E$27:$E$31,MATCH(Z2,Parámetros!$A$27:$A$31,0)))) | V2: Crane fórm. 6 (θ = 180°): contracción y expansión en el inserto | W2: 1.95 | X2: https://latiendadeljardin.com/es/piezas-de-polietileno/443-663-manguito-igual-pe.html | Z2: MANG | AA2: PE | AB2: =IF(COUNTIFS(Packs!$D$2:$D$70,A2,Packs!$F$2:$F$70,">0")=0,"",_xlfn.MINIFS(Packs!$F$2:$F$70,Packs!$D$2:$D$70,A2,Packs!$F$2:$F$70,">0")) -> 3.2375 | AC2: =COUNTIF(Packs!$D$2:$D$70,A2) -> 1
A3: PE-MI-25 | B3: Manguito igual PE | C3: 5220 | D3: manguito | E3: Manguito de compresión igual | F3: Compresión × compresión | G3: 25 | J3: 16 | K3: PP (cuerpo) · compresión para tubo PE | L3: =INDEX(Parámetros!$D$5:$D$12,MATCH(G3,Parámetros!$A$5:$A$12,0)) -> 20.4 | M3: =INDEX(Parámetros!$D$5:$D$12,MATCH(IF(H3="",G3,H3),Parámetros!$A$5:$A$12,0)) -> 20.4 | N3: =INDEX(Parámetros!$E$5:$E$12,MATCH(G3,Parámetros!$A$5:$A$12,0)) -> 17 | P3: =INDEX(Parámetros!$G$5:$G$12,MATCH(G3,Parámetros!$A$5:$A$12,0)) -> 0.025 | Q3: =IF(Z3="","",INDEX(Parámetros!$C$27:$C$31,MATCH(Z3,Parámetros!$A$27:$A$31,0))*P3) -> 0 | S3: =(Q3+0.5*(1-(N3/L3)^2)+(1-(N3/M3)^2)^2)*(M3/N3)^4+IF(Z3="",0,INDEX(Parámetros!$E$27:$E$31,MATCH(Z3,Parámetros!$A$27:$A$31,0))) -> 0.5104 | U3: =IF(H3="","",(Q3+0.5*(1-(N3/M3)^2)+(1-(N3/L3)^2)^2)*(M3/N3)^4+IF(Z3="",0,INDEX(Parámetros!$E$27:$E$31,MATCH(Z3,Parámetros!$A$27:$A$31,0)))) | V3: Crane fórm. 6 (θ = 180°): contracción y expansión en el inserto | W3: 1.95 | X3: https://latiendadeljardin.com/es/piezas-de-polietileno/443-663-manguito-igual-pe.html | Z3: MANG | AA3: PE | AB3: =IF(COUNTIFS(Packs!$D$2:$D$70,A3,Packs!$F$2:$F$70,">0")=0,"",_xlfn.MINIFS(Packs!$F$2:$F$70,Packs!$D$2:$D$70,A3,Packs!$F$2:$F$70,">0")) -> 2.9875 | AC3: =COUNTIF(Packs!$D$2:$D$70,A3) -> 1
A4: PE-MI-32 | B4: Manguito igual PE | C4: 5220 | D4: manguito | E4: Manguito de compresión igual | F4: Compresión × compresión | G4: 32 | J4: 16 | K4: PP (cuerpo) · compresión para tubo PE | L4: =INDEX(Parámetros!$D$5:$D$12,MATCH(G4,Parámetros!$A$5:$A$12,0)) -> 26.2 | M4: =INDEX(Parámetros!$D$5:$D$12,MATCH(IF(H4="",G4,H4),Parámetros!$A$5:$A$12,0)) -> 26.2 | N4: =INDEX(Parámetros!$E$5:$E$12,MATCH(G4,Parámetros!$A$5:$A$12,0)) -> 22 | P4: =INDEX(Parámetros!$G$5:$G$12,MATCH(G4,Parámetros!$A$5:$A$12,0)) -> 0.023 | Q4: =IF(Z4="","",INDEX(Parámetros!$C$27:$C$31,MATCH(Z4,Parámetros!$A$27:$A$31,0))*P4) -> 0 | S4: =(Q4+0.5*(1-(N4/L4)^2)+(1-(N4/M4)^2)^2)*(M4/N4)^4+IF(Z4="",0,INDEX(Parámetros!$E$27:$E$31,MATCH(Z4,Parámetros!$A$27:$A$31,0))) -> 0.47154997 | U4: =IF(H4="","",(Q4+0.5*(1-(N4/M4)^2)+(1-(N4/L4)^2)^2)*(M4/N4)^4+IF(Z4="",0,INDEX(Parámetros!$E$27:$E$31,MATCH(Z4,Parámetros!$A$27:$A$31,0)))) | V4: Crane fórm. 6 (θ = 180°): contracción y expansión en el inserto | W4: 1.95 | X4: https://latiendadeljardin.com/es/piezas-de-polietileno/443-663-manguito-igual-pe.html | Z4: MANG | AA4: PE | AB4: =IF(COUNTIFS(Packs!$D$2:$D$70,A4,Packs!$F$2:$F$70,">0")=0,"",_xlfn.MINIFS(Packs!$F$2:$F$70,Packs!$D$2:$D$70,A4,Packs!$F$2:$F$70,">0")) -> 3.7375 | AC4: =COUNTIF(Packs!$D$2:$D$70,A4) -> 1
A5: PE-MI-40 | B5: Manguito igual PE | C5: 5220 | D5: manguito | E5: Manguito de compresión igual | F5: Compresión × compresión | G5: 40 | J5: 16 | K5: PP (cuerpo) · compresión para tubo PE | L5: =INDEX(Parámetros!$D$5:$D$12,MATCH(G5,Parámetros!$A$5:$A$12,0)) -> 32.6 | M5: =INDEX(Parámetros!$D$5:$D$12,MATCH(IF(H5="",G5,H5),Parámetros!$A$5:$A$12,0)) -> 32.6 | N5: =INDEX(Parámetros!$E$5:$E$12,MATCH(G5,Parámetros!$A$5:$A$12,0)) -> 28 | P5: =INDEX(Parámetros!$G$5:$G$12,MATCH(G5,Parámetros!$A$5:$A$12,0)) -> 0.022 | Q5: =IF(Z5="","",INDEX(Parámetros!$C$27:$C$31,MATCH(Z5,Parámetros!$A$27:$A$31,0))*P5) -> 0 | S5: =(Q5+0.5*(1-(N5/L5)^2)+(1-(N5/M5)^2)^2)*(M5/N5)^4+IF(Z5="",0,INDEX(Parámetros!$E$27:$E$31,MATCH(Z5,Parámetros!$A$27:$A$31,0))) -> 0.36741629 | U5: =IF(H5="","",(Q5+0.5*(1-(N5/M5)^2)+(1-(N5/L5)^2)^2)*(M5/N5)^4+IF(Z5="",0,INDEX(Parámetros!$E$27:$E$31,MATCH(Z5,Parámetros!$A$27:$A$31,0)))) | V5: Crane fórm. 6 (θ = 180°): contracción y expansión en el inserto | W5: 1.95 | X5: https://latiendadeljardin.com/es/piezas-de-polietileno/443-663-manguito-igual-pe.html | Z5: MANG | AA5: PE | AB5: =IF(COUNTIFS(Packs!$D$2:$D$70,A5,Packs!$F$2:$F$70,">0")=0,"",_xlfn.MINIFS(Packs!$F$2:$F$70,Packs!$D$2:$D$70,A5,Packs!$F$2:$F$70,">0")) -> 6.2375 | AC5: =COUNTIF(Packs!$D$2:$D$70,A5) -> 1
A6: PE-MI-50 | B6: Manguito igual PE | C6: 5220 | D6: manguito | E6: Manguito de compresión igual | F6: Compresión × compresión | G6: 50 | J6: 16 | K6: PP (cuerpo) · compresión para tubo PE | L6: =INDEX(Parámetros!$D$5:$D$12,MATCH(G6,Parámetros!$A$5:$A$12,0)) -> 40.8 | M6: =INDEX(Parámetros!$D$5:$D$12,MATCH(IF(H6="",G6,H6),Parámetros!$A$5:$A$12,0)) -> 40.8 | N6: =INDEX(Parámetros!$E$5:$E$12,MATCH(G6,Parámetros!$A$5:$A$12,0)) -> 35 | P6: =INDEX(Parámetros!$G$5:$G$12,MATCH(G6,Parámetros!$A$5:$A$12,0)) -> 0.021 | Q6: =IF(Z6="","",INDEX(Parámetros!$C$27:$C$31,MATCH(Z6,Parámetros!$A$27:$A$31,0))*P6) -> 0 | S6: =(Q6+0.5*(1-(N6/L6)^2)+(1-(N6/M6)^2)^2)*(M6/N6)^4+IF(Z6="",0,INDEX(Parámetros!$E$27:$E$31,MATCH(Z6,Parámetros!$A$27:$A$31,0))) -> 0.37264773 | U6: =IF(H6="","",(Q6+0.5*(1-(N6/M6)^2)+(1-(N6/L6)^2)^2)*(M6/N6)^4+IF(Z6="",0,INDEX(Parámetros!$E$27:$E$31,MATCH(Z6,Parámetros!$A$27:$A$31,0)))) | V6: Crane fórm. 6 (θ = 180°): contracción y expansión en el inserto | W6: 1.95 | X6: https://latiendadeljardin.com/es/piezas-de-polietileno/443-663-manguito-igual-pe.html | Z6: MANG | AA6: PE | AB6: =IF(COUNTIFS(Packs!$D$2:$D$70,A6,Packs!$F$2:$F$70,">0")=0,"",_xlfn.MINIFS(Packs!$F$2:$F$70,Packs!$D$2:$D$70,A6,Packs!$F$2:$F$70,">0")) -> 9.4875 | AC6: =COUNTIF(Packs!$D$2:$D$70,A6) -> 1
A7: PE-MI-63 | B7: Manguito igual PE | C7: 5220 | D7: manguito | E7: Manguito de compresión igual | F7: Compresión × compresión | G7: 63 | J7: 16 | K7: PP (cuerpo) · compresión para tubo PE | L7: =INDEX(Parámetros!$D$5:$D$12,MATCH(G7,Parámetros!$A$5:$A$12,0)) -> 51.4 | M7: =INDEX(Parámetros!$D$5:$D$12,MATCH(IF(H7="",G7,H7),Parámetros!$A$5:$A$12,0)) -> 51.4 | N7: =INDEX(Parámetros!$E$5:$E$12,MATCH(G7,Parámetros!$A$5:$A$12,0)) -> 45 | P7: =INDEX(Parámetros!$G$5:$G$12,MATCH(G7,Parámetros!$A$5:$A$12,0)) -> 0.019 | Q7: =IF(Z7="","",INDEX(Parámetros!$C$27:$C$31,MATCH(Z7,Parámetros!$A$27:$A$31,0))*P7) -> 0 | S7: =(Q7+0.5*(1-(N7/L7)^2)+(1-(N7/M7)^2)^2)*(M7/N7)^4+IF(Z7="",0,INDEX(Parámetros!$E$27:$E$31,MATCH(Z7,Parámetros!$A$27:$A$31,0))) -> 0.29157298 | U7: =IF(H7="","",(Q7+0.5*(1-(N7/M7)^2)+(1-(N7/L7)^2)^2)*(M7/N7)^4+IF(Z7="",0,INDEX(Parámetros!$E$27:$E$31,MATCH(Z7,Parámetros!$A$27:$A$31,0)))) | V7: Crane fórm. 6 (θ = 180°): contracción y expansión en el inserto | W7: 1.95 | X7: https://latiendadeljardin.com/es/piezas-de-polietileno/443-663-manguito-igual-pe.html | Z7: MANG | AA7: PE | AB7: =IF(COUNTIFS(Packs!$D$2:$D$70,A7,Packs!$F$2:$F$70,">0")=0,"",_xlfn.MINIFS(Packs!$F$2:$F$70,Packs!$D$2:$D$70,A7,Packs!$F$2:$F$70,">0")) -> 14.7375 | AC7: =COUNTIF(Packs!$D$2:$D$70,A7) -> 1
A8: PE-MI-75 | B8: Manguito igual PE | C8: 5220 | D8: manguito | E8: Manguito de compresión igual | F8: Compresión × compresión | G8: 75 | J8: 16 | K8: PP (cuerpo) · compresión para tubo PE | L8: =INDEX(Parámetros!$D$5:$D$12,MATCH(G8,Parámetros!$A$5:$A$12,0)) -> 61.4 | M8: =INDEX(Parámetros!$D$5:$D$12,MATCH(IF(H8="",G8,H8),Parámetros!$A$5:$A$12,0)) -> 61.4 | N8: =INDEX(Parámetros!$E$5:$E$12,MATCH(G8,Parámetros!$A$5:$A$12,0)) -> 54 | P8: =INDEX(Parámetros!$G$5:$G$12,MATCH(G8,Parámetros!$A$5:$A$12,0)) -> 0.018 | Q8: =IF(Z8="","",INDEX(Parámetros!$C$27:$C$31,MATCH(Z8,Parámetros!$A$27:$A$31,0))*P8) -> 0 | S8: =(Q8+0.5*(1-(N8/L8)^2)+(1-(N8/M8)^2)^2)*(M8/N8)^4+IF(Z8="",0,INDEX(Parámetros!$E$27:$E$31,MATCH(Z8,Parámetros!$A$27:$A$31,0))) -> 0.27507113 | U8: =IF(H8="","",(Q8+0.5*(1-(N8/M8)^2)+(1-(N8/L8)^2)^2)*(M8/N8)^4+IF(Z8="",0,INDEX(Parámetros!$E$27:$E$31,MATCH(Z8,Parámetros!$A$27:$A$31,0)))) | V8: Crane fórm. 6 (θ = 180°): contracción y expansión en el inserto | W8: 1.95 | X8: https://latiendadeljardin.com/es/piezas-de-polietileno/443-663-manguito-igual-pe.html | Z8: MANG | AA8: PE | AB8: =IF(COUNTIFS(Packs!$D$2:$D$70,A8,Packs!$F$2:$F$70,">0")=0,"",_xlfn.MINIFS(Packs!$F$2:$F$70,Packs!$D$2:$D$70,A8,Packs!$F$2:$F$70,">0")) -> 17.79 | AC8: =COUNTIF(Packs!$D$2:$D$70,A8) -> 1
A9: PE-MI-90 | B9: Manguito igual PE | C9: 5220 | D9: manguito | E9: Manguito de compresión igual | F9: Compresión × compresión | G9: 90 | J9: 16 | K9: PP (cuerpo) · compresión para tubo PE | L9: =INDEX(Parámetros!$D$5:$D$12,MATCH(G9,Parámetros!$A$5:$A$12,0)) -> 73.6 | M9: =INDEX(Parámetros!$D$5:$D$12,MATCH(IF(H9="",G9,H9),Parámetros!$A$5:$A$12,0)) -> 73.6 | N9: =INDEX(Parámetros!$E$5:$E$12,MATCH(G9,Parámetros!$A$5:$A$12,0)) -> 66 | P9: =INDEX(Parámetros!$G$5:$G$12,MATCH(G9,Parámetros!$A$5:$A$12,0)) -> 0.018 | Q9: =IF(Z9="","",INDEX(Parámetros!$C$27:$C$31,MATCH(Z9,Parámetros!$A$27:$A$31,0))*P9) -> 0 | S9: =(Q9+0.5*(1-(N9/L9)^2)+(1-(N9/M9)^2)^2)*(M9/N9)^4+IF(Z9="",0,INDEX(Parámetros!$E$27:$E$31,MATCH(Z9,Parámetros!$A$27:$A$31,0))) -> 0.21076578 | U9: =IF(H9="","",(Q9+0.5*(1-(N9/M9)^2)+(1-(N9/L9)^2)^2)*(M9/N9)^4+IF(Z9="",0,INDEX(Parámetros!$E$27:$E$31,MATCH(Z9,Parámetros!$A$27:$A$31,0)))) | V9: Crane fórm. 6 (θ = 180°): contracción y expansión en el inserto | W9: 1.95 | X9: https://latiendadeljardin.com/es/piezas-de-polietileno/443-663-manguito-igual-pe.html | Z9: MANG | AA9: PE | AB9: =IF(COUNTIFS(Packs!$D$2:$D$70,A9,Packs!$F$2:$F$70,">0")=0,"",_xlfn.MINIFS(Packs!$F$2:$F$70,Packs!$D$2:$D$70,A9,Packs!$F$2:$F$70,">0")) -> 26.19 | AC9: =COUNTIF(Packs!$D$2:$D$70,A9) -> 1
A10: PE-MR-25x20 | B10: Manguito reducido PE | C10: 5325 | D10: reduccion | E10: Manguito reducido de compresión (concéntrico) | F10: Compresión × compresión | G10: 25 | H10: 20 | J10: 16 | K10: PP (cuerpo) · compresión para tubo PE | L10: =INDEX(Parámetros!$D$5:$D$12,MATCH(G10,Parámetros!$A$5:$A$12,0)) -> 20.4 | M10: =INDEX(Parámetros!$D$5:$D$12,MATCH(IF(H10="",G10,H10),Parámetros!$A$5:$A$12,0)) -> 16 | N10: =INDEX(Parámetros!$E$5:$E$12,MATCH(IF(H10="",G10,H10),Parámetros!$A$5:$A$12,0)) -> 13 | P10: =INDEX(Parámetros!$G$5:$G$12,MATCH(G10,Parámetros!$A$5:$A$12,0)) -> 0.025 | Q10: =IF(Z10="","",INDEX(Parámetros!$C$27:$C$31,MATCH(Z10,Parámetros!$A$27:$A$31,0))*P10) -> 0 | S10: =(Q10+0.5*(1-(N10/L10)^2)+(1-(N10/M10)^2)^2)*(M10/N10)^4+IF(Z10="",0,INDEX(Parámetros!$E$27:$E$31,MATCH(Z10,Parámetros!$A$27:$A$31,0))) -> 0.94639957 | U10: =IF(H10="","",(Q10+0.5*(1-(N10/M10)^2)+(1-(N10/L10)^2)^2)*(M10/N10)^4+IF(Z10="",0,INDEX(Parámetros!$E$27:$E$31,MATCH(Z10,Parámetros!$A$27:$A$31,0)))) -> 1.1992632 | V10: Crane fórm. 6 (θ = 180°): contracción y expansión en el inserto; reducida: contracción desde la medida mayor | W10: 2.29 | X10: https://latiendadeljardin.com/es/piezas-de-polietileno/444-679-manguito-reducido-pe.html | Z10: MANG | AA10: PE | AB10: =IF(COUNTIFS(Packs!$D$2:$D$70,A10,Packs!$F$2:$F$70,">0")=0,"",_xlfn.MINIFS(Packs!$F$2:$F$70,Packs!$D$2:$D$70,A10,Packs!$F$2:$F$70,">0")) -> 2.4875 | AC10: =COUNTIF(Packs!$D$2:$D$70,A10) -> 1
A11: PE-MR-32x25 | B11: Manguito reducido PE | C11: 5325 | D11: reduccion | E11: Manguito reducido de compresión (concéntrico) | F11: Compresión × compresión | G11: 32 | H11: 25 | J11: 16 | K11: PP (cuerpo) · compresión para tubo PE | L11: =INDEX(Parámetros!$D$5:$D$12,MATCH(G11,Parámetros!$A$5:$A$12,0)) -> 26.2 | M11: =INDEX(Parámetros!$D$5:$D$12,MATCH(IF(H11="",G11,H11),Parámetros!$A$5:$A$12,0)) -> 20.4 | N11: =INDEX(Parámetros!$E$5:$E$12,MATCH(IF(H11="",G11,H11),Parámetros!$A$5:$A$12,0)) -> 17 | P11: =INDEX(Parámetros!$G$5:$G$12,MATCH(G11,Parámetros!$A$5:$A$12,0)) -> 0.023 | Q11: =IF(Z11="","",INDEX(Parámetros!$C$27:$C$31,MATCH(Z11,Parámetros!$A$27:$A$31,0))*P11) -> 0 | S11: =(Q11+0.5*(1-(N11/L11)^2)+(1-(N11/M11)^2)^2)*(M11/N11)^4+IF(Z11="",0,INDEX(Parámetros!$E$27:$E$31,MATCH(Z11,Parámetros!$A$27:$A$31,0))) -> 0.79389397 | U11: =IF(H11="","",(Q11+0.5*(1-(N11/M11)^2)+(1-(N11/L11)^2)^2)*(M11/N11)^4+IF(Z11="",0,INDEX(Parámetros!$E$27:$E$31,MATCH(Z11,Parámetros!$A$27:$A$31,0)))) -> 1.0119251 | V11: Crane fórm. 6 (θ = 180°): contracción y expansión en el inserto; reducida: contracción desde la medida mayor | W11: 2.29 | X11: https://latiendadeljardin.com/es/piezas-de-polietileno/444-679-manguito-reducido-pe.html | Z11: MANG | AA11: PE | AB11: =IF(COUNTIFS(Packs!$D$2:$D$70,A11,Packs!$F$2:$F$70,">0")=0,"",_xlfn.MINIFS(Packs!$F$2:$F$70,Packs!$D$2:$D$70,A11,Packs!$F$2:$F$70,">0")) -> 3.2375 | AC11: =COUNTIF(Packs!$D$2:$D$70,A11) -> 1
A12: PE-MR-40x32 | B12: Manguito reducido PE | C12: 5325 | D12: reduccion | E12: Manguito reducido de compresión (concéntrico) | F12: Compresión × compresión | G12: 40 | H12: 32 | J12: 16 | K12: PP (cuerpo) · compresión para tubo PE | L12: =INDEX(Parámetros!$D$5:$D$12,MATCH(G12,Parámetros!$A$5:$A$12,0)) -> 32.6 | M12: =INDEX(Parámetros!$D$5:$D$12,MATCH(IF(H12="",G12,H12),Parámetros!$A$5:$A$12,0)) -> 26.2 | N12: =INDEX(Parámetros!$E$5:$E$12,MATCH(IF(H12="",G12,H12),Parámetros!$A$5:$A$12,0)) -> 22 | P12: =INDEX(Parámetros!$G$5:$G$12,MATCH(G12,Parámetros!$A$5:$A$12,0)) -> 0.022 | Q12: =IF(Z12="","",INDEX(Parámetros!$C$27:$C$31,MATCH(Z12,Parámetros!$A$27:$A$31,0))*P12) -> 0 | S12: =(Q12+0.5*(1-(N12/L12)^2)+(1-(N12/M12)^2)^2)*(M12/N12)^4+IF(Z12="",0,INDEX(Parámetros!$E$27:$E$31,MATCH(Z12,Parámetros!$A$27:$A$31,0))) -> 0.72265148 | U12: =IF(H12="","",(Q12+0.5*(1-(N12/M12)^2)+(1-(N12/L12)^2)^2)*(M12/N12)^4+IF(Z12="",0,INDEX(Parámetros!$E$27:$E$31,MATCH(Z12,Parámetros!$A$27:$A$31,0)))) -> 0.89314686 | V12: Crane fórm. 6 (θ = 180°): contracción y expansión en el inserto; reducida: contracción desde la medida mayor | W12: 2.29 | X12: https://latiendadeljardin.com/es/piezas-de-polietileno/444-679-manguito-reducido-pe.html | Z12: MANG | AA12: PE | AB12: =IF(COUNTIFS(Packs!$D$2:$D$70,A12,Packs!$F$2:$F$70,">0")=0,"",_xlfn.MINIFS(Packs!$F$2:$F$70,Packs!$D$2:$D$70,A12,Packs!$F$2:$F$70,">0")) -> 4.7375 | AC12: =COUNTIF(Packs!$D$2:$D$70,A12) -> 1
A13: PE-MR-50x40 | B13: Manguito reducido PE | C13: 5325 | D13: reduccion | E13: Manguito reducido de compresión (concéntrico) | F13: Compresión × compresión | G13: 50 | H13: 40 | J13: 16 | K13: PP (cuerpo) · compresión para tubo PE | L13: =INDEX(Parámetros!$D$5:$D$12,MATCH(G13,Parámetros!$A$5:$A$12,0)) -> 40.8 | M13: =INDEX(Parámetros!$D$5:$D$12,MATCH(IF(H13="",G13,H13),Parámetros!$A$5:$A$12,0)) -> 32.6 | N13: =INDEX(Parámetros!$E$5:$E$12,MATCH(IF(H13="",G13,H13),Parámetros!$A$5:$A$12,0)) -> 28 | P13: =INDEX(Parámetros!$G$5:$G$12,MATCH(G13,Parámetros!$A$5:$A$12,0)) -> 0.021 | Q13: =IF(Z13="","",INDEX(Parámetros!$C$27:$C$31,MATCH(Z13,Parámetros!$A$27:$A$31,0))*P13) -> 0 | S13: =(Q13+0.5*(1-(N13/L13)^2)+(1-(N13/M13)^2)^2)*(M13/N13)^4+IF(Z13="",0,INDEX(Parámetros!$E$27:$E$31,MATCH(Z13,Parámetros!$A$27:$A$31,0))) -> 0.61247984 | U13: =IF(H13="","",(Q13+0.5*(1-(N13/M13)^2)+(1-(N13/L13)^2)^2)*(M13/N13)^4+IF(Z13="",0,INDEX(Parámetros!$E$27:$E$31,MATCH(Z13,Parámetros!$A$27:$A$31,0)))) -> 0.75526635 | V13: Crane fórm. 6 (θ = 180°): contracción y expansión en el inserto; reducida: contracción desde la medida mayor | W13: 2.29 | X13: https://latiendadeljardin.com/es/piezas-de-polietileno/444-679-manguito-reducido-pe.html | Z13: MANG | AA13: PE | AB13: =IF(COUNTIFS(Packs!$D$2:$D$70,A13,Packs!$F$2:$F$70,">0")=0,"",_xlfn.MINIFS(Packs!$F$2:$F$70,Packs!$D$2:$D$70,A13,Packs!$F$2:$F$70,">0")) -> 6.7375 | AC13: =COUNTIF(Packs!$D$2:$D$70,A13) -> 1
A14: PE-MR-63x50 | B14: Manguito reducido PE | C14: 5325 | D14: reduccion | E14: Manguito reducido de compresión (concéntrico) | F14: Compresión × compresión | G14: 63 | H14: 50 | J14: 16 | K14: PP (cuerpo) · compresión para tubo PE | L14: =INDEX(Parámetros!$D$5:$D$12,MATCH(G14,Parámetros!$A$5:$A$12,0)) -> 51.4 | M14: =INDEX(Parámetros!$D$5:$D$12,MATCH(IF(H14="",G14,H14),Parámetros!$A$5:$A$12,0)) -> 40.8 | N14: =INDEX(Parámetros!$E$5:$E$12,MATCH(IF(H14="",G14,H14),Parámetros!$A$5:$A$12,0)) -> 35 | P14: =INDEX(Parámetros!$G$5:$G$12,MATCH(G14,Parámetros!$A$5:$A$12,0)) -> 0.019 | Q14: =IF(Z14="","",INDEX(Parámetros!$C$27:$C$31,MATCH(Z14,Parámetros!$A$27:$A$31,0))*P14) -> 0 | S14: =(Q14+0.5*(1-(N14/L14)^2)+(1-(N14/M14)^2)^2)*(M14/N14)^4+IF(Z14="",0,INDEX(Parámetros!$E$27:$E$31,MATCH(Z14,Parámetros!$A$27:$A$31,0))) -> 0.62398957 | U14: =IF(H14="","",(Q14+0.5*(1-(N14/M14)^2)+(1-(N14/L14)^2)^2)*(M14/N14)^4+IF(Z14="",0,INDEX(Parámetros!$E$27:$E$31,MATCH(Z14,Parámetros!$A$27:$A$31,0)))) -> 0.77501296 | V14: Crane fórm. 6 (θ = 180°): contracción y expansión en el inserto; reducida: contracción desde la medida mayor | W14: 2.29 | X14: https://latiendadeljardin.com/es/piezas-de-polietileno/444-679-manguito-reducido-pe.html | Z14: MANG | AA14: PE | AB14: =IF(COUNTIFS(Packs!$D$2:$D$70,A14,Packs!$F$2:$F$70,">0")=0,"",_xlfn.MINIFS(Packs!$F$2:$F$70,Packs!$D$2:$D$70,A14,Packs!$F$2:$F$70,">0")) -> 10.2375 | AC14: =COUNTIF(Packs!$D$2:$D$70,A14) -> 1
A15: PE-MR-75x63 | B15: Manguito reducido PE | C15: 5325 | D15: reduccion | E15: Manguito reducido de compresión (concéntrico) | F15: Compresión × compresión | G15: 75 | H15: 63 | J15: 16 | K15: PP (cuerpo) · compresión para tubo PE | L15: =INDEX(Parámetros!$D$5:$D$12,MATCH(G15,Parámetros!$A$5:$A$12,0)) -> 61.4 | M15: =INDEX(Parámetros!$D$5:$D$12,MATCH(IF(H15="",G15,H15),Parámetros!$A$5:$A$12,0)) -> 51.4 | N15: =INDEX(Parámetros!$E$5:$E$12,MATCH(IF(H15="",G15,H15),Parámetros!$A$5:$A$12,0)) -> 45 | P15: =INDEX(Parámetros!$G$5:$G$12,MATCH(G15,Parámetros!$A$5:$A$12,0)) -> 0.018 | Q15: =IF(Z15="","",INDEX(Parámetros!$C$27:$C$31,MATCH(Z15,Parámetros!$A$27:$A$31,0))*P15) -> 0 | S15: =(Q15+0.5*(1-(N15/L15)^2)+(1-(N15/M15)^2)^2)*(M15/N15)^4+IF(Z15="",0,INDEX(Parámetros!$E$27:$E$31,MATCH(Z15,Parámetros!$A$27:$A$31,0))) -> 0.48675669 | U15: =IF(H15="","",(Q15+0.5*(1-(N15/M15)^2)+(1-(N15/L15)^2)^2)*(M15/N15)^4+IF(Z15="",0,INDEX(Parámetros!$E$27:$E$31,MATCH(Z15,Parámetros!$A$27:$A$31,0)))) -> 0.56341807 | V15: Crane fórm. 6 (θ = 180°): contracción y expansión en el inserto; reducida: contracción desde la medida mayor | W15: 2.29 | X15: https://latiendadeljardin.com/es/piezas-de-polietileno/444-679-manguito-reducido-pe.html | Z15: MANG | AA15: PE | AB15: =IF(COUNTIFS(Packs!$D$2:$D$70,A15,Packs!$F$2:$F$70,">0")=0,"",_xlfn.MINIFS(Packs!$F$2:$F$70,Packs!$D$2:$D$70,A15,Packs!$F$2:$F$70,">0")) -> 18.9875 | AC15: =COUNTIF(Packs!$D$2:$D$70,A15) -> 1
A16: PE-MR-90x75 | B16: Manguito reducido PE | C16: 5325 | D16: reduccion | E16: Manguito reducido de compresión (concéntrico) | F16: Compresión × compresión | G16: 90 | H16: 75 | J16: 16 | K16: PP (cuerpo) · compresión para tubo PE | L16: =INDEX(Parámetros!$D$5:$D$12,MATCH(G16,Parámetros!$A$5:$A$12,0)) -> 73.6 | M16: =INDEX(Parámetros!$D$5:$D$12,MATCH(IF(H16="",G16,H16),Parámetros!$A$5:$A$12,0)) -> 61.4 | N16: =INDEX(Parámetros!$E$5:$E$12,MATCH(IF(H16="",G16,H16),Parámetros!$A$5:$A$12,0)) -> 54 | P16: =INDEX(Parámetros!$G$5:$G$12,MATCH(G16,Parámetros!$A$5:$A$12,0)) -> 0.018 | Q16: =IF(Z16="","",INDEX(Parámetros!$C$27:$C$31,MATCH(Z16,Parámetros!$A$27:$A$31,0))*P16) -> 0 | S16: =(Q16+0.5*(1-(N16/L16)^2)+(1-(N16/M16)^2)^2)*(M16/N16)^4+IF(Z16="",0,INDEX(Parámetros!$E$27:$E$31,MATCH(Z16,Parámetros!$A$27:$A$31,0))) -> 0.47161395 | U16: =IF(H16="","",(Q16+0.5*(1-(N16/M16)^2)+(1-(N16/L16)^2)^2)*(M16/N16)^4+IF(Z16="",0,INDEX(Parámetros!$E$27:$E$31,MATCH(Z16,Parámetros!$A$27:$A$31,0)))) -> 0.54559569 | V16: Crane fórm. 6 (θ = 180°): contracción y expansión en el inserto; reducida: contracción desde la medida mayor | W16: 2.29 | X16: https://latiendadeljardin.com/es/piezas-de-polietileno/444-679-manguito-reducido-pe.html | Z16: MANG | AA16: PE | AB16: =IF(COUNTIFS(Packs!$D$2:$D$70,A16,Packs!$F$2:$F$70,">0")=0,"",_xlfn.MINIFS(Packs!$F$2:$F$70,Packs!$D$2:$D$70,A16,Packs!$F$2:$F$70,">0")) -> 27.4875 | AC16: =COUNTIF(Packs!$D$2:$D$70,A16) -> 1
A17: PE-EH-20 | B17: Enlace rosca hembra PE | C17: 5120 | D17: racor | E17: Enlace compresión × rosca hembra BSP | F17: Compresión × rosca H | G17: 20 | I17: 1/2" | J17: 16 | K17: PP (cuerpo) · compresión para tubo PE | L17: =INDEX(Parámetros!$D$5:$D$12,MATCH(G17,Parámetros!$A$5:$A$12,0)) -> 16 | M17: =INDEX(Parámetros!$D$5:$D$12,MATCH(IF(H17="",G17,H17),Parámetros!$A$5:$A$12,0)) -> 16 | N17: =INDEX(Parámetros!$E$5:$E$12,MATCH(G17,Parámetros!$A$5:$A$12,0)) -> 13 | P17: =INDEX(Parámetros!$G$5:$G$12,MATCH(G17,Parámetros!$A$5:$A$12,0)) -> 0.027 | Q17: =IF(Z17="","",INDEX(Parámetros!$C$27:$C$31,MATCH(Z17,Parámetros!$A$27:$A$31,0))*P17) -> 0 | S17: =(Q17+0.5*(1-(N17/L17)^2)+(1-(N17/M17)^2)^2)*(M17/N17)^4+IF(Z17="",0,INDEX(Parámetros!$E$27:$E$31,MATCH(Z17,Parámetros!$A$27:$A$31,0))) -> 0.65491404 | U17: =IF(H17="","",(Q17+0.5*(1-(N17/M17)^2)+(1-(N17/L17)^2)^2)*(M17/N17)^4+IF(Z17="",0,INDEX(Parámetros!$E$27:$E$31,MATCH(Z17,Parámetros!$A$27:$A$31,0)))) | V17: Crane fórm. 6 (θ = 180°): contracción y expansión en el inserto | W17: 1.55 | X17: https://latiendadeljardin.com/es/piezas-de-polietileno/445-693-enlace-hembra-pe.html | Y17: Rosca equivalente supuesta (la ficha no la indica) | Z17: MANG | AA17: PE | AB17: =IF(COUNTIFS(Packs!$D$2:$D$70,A17,Packs!$F$2:$F$70,">0")=0,"",_xlfn.MINIFS(Packs!$F$2:$F$70,Packs!$D$2:$D$70,A17,Packs!$F$2:$F$70,">0")) -> 1.4875 | AC17: =COUNTIF(Packs!$D$2:$D$70,A17) -> 1
A18: PE-EH-25 | B18: Enlace rosca hembra PE | C18: 5120 | D18: racor | E18: Enlace compresión × rosca hembra BSP | F18: Compresión × rosca H | G18: 25 | I18: 3/4" | J18: 16 | K18: PP (cuerpo) · compresión para tubo PE | L18: =INDEX(Parámetros!$D$5:$D$12,MATCH(G18,Parámetros!$A$5:$A$12,0)) -> 20.4 | M18: =INDEX(Parámetros!$D$5:$D$12,MATCH(IF(H18="",G18,H18),Parámetros!$A$5:$A$12,0)) -> 20.4 | N18: =INDEX(Parámetros!$E$5:$E$12,MATCH(G18,Parámetros!$A$5:$A$12,0)) -> 17 | P18: =INDEX(Parámetros!$G$5:$G$12,MATCH(G18,Parámetros!$A$5:$A$12,0)) -> 0.025 | Q18: =IF(Z18="","",INDEX(Parámetros!$C$27:$C$31,MATCH(Z18,Parámetros!$A$27:$A$31,0))*P18) -> 0 | S18: =(Q18+0.5*(1-(N18/L18)^2)+(1-(N18/M18)^2)^2)*(M18/N18)^4+IF(Z18="",0,INDEX(Parámetros!$E$27:$E$31,MATCH(Z18,Parámetros!$A$27:$A$31,0))) -> 0.5104 | U18: =IF(H18="","",(Q18+0.5*(1-(N18/M18)^2)+(1-(N18/L18)^2)^2)*(M18/N18)^4+IF(Z18="",0,INDEX(Parámetros!$E$27:$E$31,MATCH(Z18,Parámetros!$A$27:$A$31,0)))) | V18: Crane fórm. 6 (θ = 180°): contracción y expansión en el inserto | W18: 1.55 | X18: https://latiendadeljardin.com/es/piezas-de-polietileno/445-693-enlace-hembra-pe.html | Y18: Rosca equivalente supuesta (la ficha no la indica) | Z18: MANG | AA18: PE | AB18: =IF(COUNTIFS(Packs!$D$2:$D$70,A18,Packs!$F$2:$F$70,">0")=0,"",_xlfn.MINIFS(Packs!$F$2:$F$70,Packs!$D$2:$D$70,A18,Packs!$F$2:$F$70,">0")) -> 1.9875 | AC18: =COUNTIF(Packs!$D$2:$D$70,A18) -> 1
A19: PE-EH-32 | B19: Enlace rosca hembra PE | C19: 5120 | D19: racor | E19: Enlace compresión × rosca hembra BSP | F19: Compresión × rosca H | G19: 32 | I19: 1" | J19: 16 | K19: PP (cuerpo) · compresión para tubo PE | L19: =INDEX(Parámetros!$D$5:$D$12,MATCH(G19,Parámetros!$A$5:$A$12,0)) -> 26.2 | M19: =INDEX(Parámetros!$D$5:$D$12,MATCH(IF(H19="",G19,H19),Parámetros!$A$5:$A$12,0)) -> 26.2 | N19: =INDEX(Parámetros!$E$5:$E$12,MATCH(G19,Parámetros!$A$5:$A$12,0)) -> 22 | P19: =INDEX(Parámetros!$G$5:$G$12,MATCH(G19,Parámetros!$A$5:$A$12,0)) -> 0.023 | Q19: =IF(Z19="","",INDEX(Parámetros!$C$27:$C$31,MATCH(Z19,Parámetros!$A$27:$A$31,0))*P19) -> 0 | S19: =(Q19+0.5*(1-(N19/L19)^2)+(1-(N19/M19)^2)^2)*(M19/N19)^4+IF(Z19="",0,INDEX(Parámetros!$E$27:$E$31,MATCH(Z19,Parámetros!$A$27:$A$31,0))) -> 0.47154997 | U19: =IF(H19="","",(Q19+0.5*(1-(N19/M19)^2)+(1-(N19/L19)^2)^2)*(M19/N19)^4+IF(Z19="",0,INDEX(Parámetros!$E$27:$E$31,MATCH(Z19,Parámetros!$A$27:$A$31,0)))) | V19: Crane fórm. 6 (θ = 180°): contracción y expansión en el inserto | W19: 1.55 | X19: https://latiendadeljardin.com/es/piezas-de-polietileno/445-693-enlace-hembra-pe.html | Y19: Rosca equivalente supuesta (la ficha no la indica) | Z19: MANG | AA19: PE | AB19: =IF(COUNTIFS(Packs!$D$2:$D$70,A19,Packs!$F$2:$F$70,">0")=0,"",_xlfn.MINIFS(Packs!$F$2:$F$70,Packs!$D$2:$D$70,A19,Packs!$F$2:$F$70,">0")) -> 2.7375 | AC19: =COUNTIF(Packs!$D$2:$D$70,A19) -> 1
A20: PE-EH-40 | B20: Enlace rosca hembra PE | C20: 5120 | D20: racor | E20: Enlace compresión × rosca hembra BSP | F20: Compresión × rosca H | G20: 40 | I20: 1 1/4" | J20: 16 | K20: PP (cuerpo) · compresión para tubo PE | L20: =INDEX(Parámetros!$D$5:$D$12,MATCH(G20,Parámetros!$A$5:$A$12,0)) -> 32.6 | M20: =INDEX(Parámetros!$D$5:$D$12,MATCH(IF(H20="",G20,H20),Parámetros!$A$5:$A$12,0)) -> 32.6 | N20: =INDEX(Parámetros!$E$5:$E$12,MATCH(G20,Parámetros!$A$5:$A$12,0)) -> 28 | P20: =INDEX(Parámetros!$G$5:$G$12,MATCH(G20,Parámetros!$A$5:$A$12,0)) -> 0.022 | Q20: =IF(Z20="","",INDEX(Parámetros!$C$27:$C$31,MATCH(Z20,Parámetros!$A$27:$A$31,0))*P20) -> 0 | S20: =(Q20+0.5*(1-(N20/L20)^2)+(1-(N20/M20)^2)^2)*(M20/N20)^4+IF(Z20="",0,INDEX(Parámetros!$E$27:$E$31,MATCH(Z20,Parámetros!$A$27:$A$31,0))) -> 0.36741629 | U20: =IF(H20="","",(Q20+0.5*(1-(N20/M20)^2)+(1-(N20/L20)^2)^2)*(M20/N20)^4+IF(Z20="",0,INDEX(Parámetros!$E$27:$E$31,MATCH(Z20,Parámetros!$A$27:$A$31,0)))) | V20: Crane fórm. 6 (θ = 180°): contracción y expansión en el inserto | W20: 1.55 | X20: https://latiendadeljardin.com/es/piezas-de-polietileno/445-693-enlace-hembra-pe.html | Y20: Rosca equivalente supuesta (la ficha no la indica) | Z20: MANG | AA20: PE | AB20: =IF(COUNTIFS(Packs!$D$2:$D$70,A20,Packs!$F$2:$F$70,">0")=0,"",_xlfn.MINIFS(Packs!$F$2:$F$70,Packs!$D$2:$D$70,A20,Packs!$F$2:$F$70,">0")) -> 3.9875 | AC20: =COUNTIF(Packs!$D$2:$D$70,A20) -> 1
A21: PE-EH-50 | B21: Enlace rosca hembra PE | C21: 5120 | D21: racor | E21: Enlace compresión × rosca hembra BSP | F21: Compresión × rosca H | G21: 50 | I21: 1 1/2" | J21: 16 | K21: PP (cuerpo) · compresión para tubo PE | L21: =INDEX(Parámetros!$D$5:$D$12,MATCH(G21,Parámetros!$A$5:$A$12,0)) -> 40.8 | M21: =INDEX(Parámetros!$D$5:$D$12,MATCH(IF(H21="",G21,H21),Parámetros!$A$5:$A$12,0)) -> 40.8 | N21: =INDEX(Parámetros!$E$5:$E$12,MATCH(G21,Parámetros!$A$5:$A$12,0)) -> 35 | P21: =INDEX(Parámetros!$G$5:$G$12,MATCH(G21,Parámetros!$A$5:$A$12,0)) -> 0.021 | Q21: =IF(Z21="","",INDEX(Parámetros!$C$27:$C$31,MATCH(Z21,Parámetros!$A$27:$A$31,0))*P21) -> 0 | S21: =(Q21+0.5*(1-(N21/L21)^2)+(1-(N21/M21)^2)^2)*(M21/N21)^4+IF(Z21="",0,INDEX(Parámetros!$E$27:$E$31,MATCH(Z21,Parámetros!$A$27:$A$31,0))) -> 0.37264773 | U21: =IF(H21="","",(Q21+0.5*(1-(N21/M21)^2)+(1-(N21/L21)^2)^2)*(M21/N21)^4+IF(Z21="",0,INDEX(Parámetros!$E$27:$E$31,MATCH(Z21,Parámetros!$A$27:$A$31,0)))) | V21: Crane fórm. 6 (θ = 180°): contracción y expansión en el inserto | W21: 1.55 | X21: https://latiendadeljardin.com/es/piezas-de-polietileno/445-693-enlace-hembra-pe.html | Y21: Rosca equivalente supuesta (la ficha no la indica) | Z21: MANG | AA21: PE | AB21: =IF(COUNTIFS(Packs!$D$2:$D$70,A21,Packs!$F$2:$F$70,">0")=0,"",_xlfn.MINIFS(Packs!$F$2:$F$70,Packs!$D$2:$D$70,A21,Packs!$F$2:$F$70,">0")) -> 5.2375 | AC21: =COUNTIF(Packs!$D$2:$D$70,A21) -> 1
A22: PE-EH-63 | B22: Enlace rosca hembra PE | C22: 5120 | D22: racor | E22: Enlace compresión × rosca hembra BSP | F22: Compresión × rosca H | G22: 63 | I22: 2" | J22: 16 | K22: PP (cuerpo) · compresión para tubo PE | L22: =INDEX(Parámetros!$D$5:$D$12,MATCH(G22,Parámetros!$A$5:$A$12,0)) -> 51.4 | M22: =INDEX(Parámetros!$D$5:$D$12,MATCH(IF(H22="",G22,H22),Parámetros!$A$5:$A$12,0)) -> 51.4 | N22: =INDEX(Parámetros!$E$5:$E$12,MATCH(G22,Parámetros!$A$5:$A$12,0)) -> 45 | P22: =INDEX(Parámetros!$G$5:$G$12,MATCH(G22,Parámetros!$A$5:$A$12,0)) -> 0.019 | Q22: =IF(Z22="","",INDEX(Parámetros!$C$27:$C$31,MATCH(Z22,Parámetros!$A$27:$A$31,0))*P22) -> 0 | S22: =(Q22+0.5*(1-(N22/L22)^2)+(1-(N22/M22)^2)^2)*(M22/N22)^4+IF(Z22="",0,INDEX(Parámetros!$E$27:$E$31,MATCH(Z22,Parámetros!$A$27:$A$31,0))) -> 0.29157298 | U22: =IF(H22="","",(Q22+0.5*(1-(N22/M22)^2)+(1-(N22/L22)^2)^2)*(M22/N22)^4+IF(Z22="",0,INDEX(Parámetros!$E$27:$E$31,MATCH(Z22,Parámetros!$A$27:$A$31,0)))) | V22: Crane fórm. 6 (θ = 180°): contracción y expansión en el inserto | W22: 1.55 | X22: https://latiendadeljardin.com/es/piezas-de-polietileno/445-693-enlace-hembra-pe.html | Y22: Rosca equivalente supuesta (la ficha no la indica) | Z22: MANG | AA22: PE | AB22: =IF(COUNTIFS(Packs!$D$2:$D$70,A22,Packs!$F$2:$F$70,">0")=0,"",_xlfn.MINIFS(Packs!$F$2:$F$70,Packs!$D$2:$D$70,A22,Packs!$F$2:$F$70,">0")) -> 7.9875 | AC22: =COUNTIF(Packs!$D$2:$D$70,A22) -> 1
A23: PE-EH-75 | B23: Enlace rosca hembra PE | C23: 5120 | D23: racor | E23: Enlace compresión × rosca hembra BSP | F23: Compresión × rosca H | G23: 75 | I23: 2 1/2" | J23: 16 | K23: PP (cuerpo) · compresión para tubo PE | L23: =INDEX(Parámetros!$D$5:$D$12,MATCH(G23,Parámetros!$A$5:$A$12,0)) -> 61.4 | M23: =INDEX(Parámetros!$D$5:$D$12,MATCH(IF(H23="",G23,H23),Parámetros!$A$5:$A$12,0)) -> 61.4 | N23: =INDEX(Parámetros!$E$5:$E$12,MATCH(G23,Parámetros!$A$5:$A$12,0)) -> 54 | P23: =INDEX(Parámetros!$G$5:$G$12,MATCH(G23,Parámetros!$A$5:$A$12,0)) -> 0.018 | Q23: =IF(Z23="","",INDEX(Parámetros!$C$27:$C$31,MATCH(Z23,Parámetros!$A$27:$A$31,0))*P23) -> 0 | S23: =(Q23+0.5*(1-(N23/L23)^2)+(1-(N23/M23)^2)^2)*(M23/N23)^4+IF(Z23="",0,INDEX(Parámetros!$E$27:$E$31,MATCH(Z23,Parámetros!$A$27:$A$31,0))) -> 0.27507113 | U23: =IF(H23="","",(Q23+0.5*(1-(N23/M23)^2)+(1-(N23/L23)^2)^2)*(M23/N23)^4+IF(Z23="",0,INDEX(Parámetros!$E$27:$E$31,MATCH(Z23,Parámetros!$A$27:$A$31,0)))) | V23: Crane fórm. 6 (θ = 180°): contracción y expansión en el inserto | W23: 1.55 | X23: https://latiendadeljardin.com/es/piezas-de-polietileno/445-693-enlace-hembra-pe.html | Y23: Rosca equivalente supuesta (la ficha no la indica) | Z23: MANG | AA23: PE | AB23: =IF(COUNTIFS(Packs!$D$2:$D$70,A23,Packs!$F$2:$F$70,">0")=0,"",_xlfn.MINIFS(Packs!$F$2:$F$70,Packs!$D$2:$D$70,A23,Packs!$F$2:$F$70,">0")) -> 15.4875 | AC23: =COUNTIF(Packs!$D$2:$D$70,A23) -> 1
A24: PE-EH-90 | B24: Enlace rosca hembra PE | C24: 5120 | D24: racor | E24: Enlace compresión × rosca hembra BSP | F24: Compresión × rosca H | G24: 90 | I24: 3" | J24: 16 | K24: PP (cuerpo) · compresión para tubo PE | L24: =INDEX(Parámetros!$D$5:$D$12,MATCH(G24,Parámetros!$A$5:$A$12,0)) -> 73.6 | M24: =INDEX(Parámetros!$D$5:$D$12,MATCH(IF(H24="",G24,H24),Parámetros!$A$5:$A$12,0)) -> 73.6 | N24: =INDEX(Parámetros!$E$5:$E$12,MATCH(G24,Parámetros!$A$5:$A$12,0)) -> 66 | P24: =INDEX(Parámetros!$G$5:$G$12,MATCH(G24,Parámetros!$A$5:$A$12,0)) -> 0.018 | Q24: =IF(Z24="","",INDEX(Parámetros!$C$27:$C$31,MATCH(Z24,Parámetros!$A$27:$A$31,0))*P24) -> 0 | S24: =(Q24+0.5*(1-(N24/L24)^2)+(1-(N24/M24)^2)^2)*(M24/N24)^4+IF(Z24="",0,INDEX(Parámetros!$E$27:$E$31,MATCH(Z24,Parámetros!$A$27:$A$31,0))) -> 0.21076578 | U24: =IF(H24="","",(Q24+0.5*(1-(N24/M24)^2)+(1-(N24/L24)^2)^2)*(M24/N24)^4+IF(Z24="",0,INDEX(Parámetros!$E$27:$E$31,MATCH(Z24,Parámetros!$A$27:$A$31,0)))) | V24: Crane fórm. 6 (θ = 180°): contracción y expansión en el inserto | W24: 1.55 | X24: https://latiendadeljardin.com/es/piezas-de-polietileno/445-693-enlace-hembra-pe.html | Y24: Rosca equivalente supuesta (la ficha no la indica) | Z24: MANG | AA24: PE | AB24: =IF(COUNTIFS(Packs!$D$2:$D$70,A24,Packs!$F$2:$F$70,">0")=0,"",_xlfn.MINIFS(Packs!$F$2:$F$70,Packs!$D$2:$D$70,A24,Packs!$F$2:$F$70,">0")) -> 18.9875 | AC24: =COUNTIF(Packs!$D$2:$D$70,A24) -> 1
A25: PE-EM-20 | B25: Enlace rosca macho PE | C25: 5020 | D25: racor | E25: Enlace compresión × rosca macho BSP | F25: Compresión × rosca M | G25: 20 | I25: 1/2" | J25: 16 | K25: PP (cuerpo) · compresión para tubo PE | L25: =INDEX(Parámetros!$D$5:$D$12,MATCH(G25,Parámetros!$A$5:$A$12,0)) -> 16 | M25: =INDEX(Parámetros!$D$5:$D$12,MATCH(IF(H25="",G25,H25),Parámetros!$A$5:$A$12,0)) -> 16 | N25: =INDEX(Parámetros!$E$5:$E$12,MATCH(G25,Parámetros!$A$5:$A$12,0)) -> 13 | P25: =INDEX(Parámetros!$G$5:$G$12,MATCH(G25,Parámetros!$A$5:$A$12,0)) -> 0.027 | Q25: =IF(Z25="","",INDEX(Parámetros!$C$27:$C$31,MATCH(Z25,Parámetros!$A$27:$A$31,0))*P25) -> 0 | S25: =(Q25+0.5*(1-(N25/L25)^2)+(1-(N25/M25)^2)^2)*(M25/N25)^4+IF(Z25="",0,INDEX(Parámetros!$E$27:$E$31,MATCH(Z25,Parámetros!$A$27:$A$31,0))) -> 0.65491404 | U25: =IF(H25="","",(Q25+0.5*(1-(N25/M25)^2)+(1-(N25/L25)^2)^2)*(M25/N25)^4+IF(Z25="",0,INDEX(Parámetros!$E$27:$E$31,MATCH(Z25,Parámetros!$A$27:$A$31,0)))) | V25: Crane fórm. 6 (θ = 180°): contracción y expansión en el inserto | W25: 1.28 | X25: https://latiendadeljardin.com/es/piezas-de-polietileno/446-701-enlace-macho-pe.html | Y25: Rosca equivalente supuesta (la ficha no la indica) | Z25: MANG | AA25: PE | AB25: =IF(COUNTIFS(Packs!$D$2:$D$70,A25,Packs!$F$2:$F$70,">0")=0,"",_xlfn.MINIFS(Packs!$F$2:$F$70,Packs!$D$2:$D$70,A25,Packs!$F$2:$F$70,">0")) -> 1.7375 | AC25: =COUNTIF(Packs!$D$2:$D$70,A25) -> 1
A26: PE-EM-25 | B26: Enlace rosca macho PE | C26: 5020 | D26: racor | E26: Enlace compresión × rosca macho BSP | F26: Compresión × rosca M | G26: 25 | I26: 3/4" | J26: 16 | K26: PP (cuerpo) · compresión para tubo PE | L26: =INDEX(Parámetros!$D$5:$D$12,MATCH(G26,Parámetros!$A$5:$A$12,0)) -> 20.4 | M26: =INDEX(Parámetros!$D$5:$D$12,MATCH(IF(H26="",G26,H26),Parámetros!$A$5:$A$12,0)) -> 20.4 | N26: =INDEX(Parámetros!$E$5:$E$12,MATCH(G26,Parámetros!$A$5:$A$12,0)) -> 17 | P26: =INDEX(Parámetros!$G$5:$G$12,MATCH(G26,Parámetros!$A$5:$A$12,0)) -> 0.025 | Q26: =IF(Z26="","",INDEX(Parámetros!$C$27:$C$31,MATCH(Z26,Parámetros!$A$27:$A$31,0))*P26) -> 0 | S26: =(Q26+0.5*(1-(N26/L26)^2)+(1-(N26/M26)^2)^2)*(M26/N26)^4+IF(Z26="",0,INDEX(Parámetros!$E$27:$E$31,MATCH(Z26,Parámetros!$A$27:$A$31,0))) -> 0.5104 | U26: =IF(H26="","",(Q26+0.5*(1-(N26/M26)^2)+(1-(N26/L26)^2)^2)*(M26/N26)^4+IF(Z26="",0,INDEX(Parámetros!$E$27:$E$31,MATCH(Z26,Parámetros!$A$27:$A$31,0)))) | V26: Crane fórm. 6 (θ = 180°): contracción y expansión en el inserto | W26: 1.28 | X26: https://latiendadeljardin.com/es/piezas-de-polietileno/446-701-enlace-macho-pe.html | Y26: Rosca equivalente supuesta (la ficha no la indica) | Z26: MANG | AA26: PE | AB26: =IF(COUNTIFS(Packs!$D$2:$D$70,A26,Packs!$F$2:$F$70,">0")=0,"",_xlfn.MINIFS(Packs!$F$2:$F$70,Packs!$D$2:$D$70,A26,Packs!$F$2:$F$70,">0")) -> 2.2375 | AC26: =COUNTIF(Packs!$D$2:$D$70,A26) -> 1
A27: PE-EM-32 | B27: Enlace rosca macho PE | C27: 5020 | D27: racor | E27: Enlace compresión × rosca macho BSP | F27: Compresión × rosca M | G27: 32 | I27: 1" | J27: 16 | K27: PP (cuerpo) · compresión para tubo PE | L27: =INDEX(Parámetros!$D$5:$D$12,MATCH(G27,Parámetros!$A$5:$A$12,0)) -> 26.2 | M27: =INDEX(Parámetros!$D$5:$D$12,MATCH(IF(H27="",G27,H27),Parámetros!$A$5:$A$12,0)) -> 26.2 | N27: =INDEX(Parámetros!$E$5:$E$12,MATCH(G27,Parámetros!$A$5:$A$12,0)) -> 22 | P27: =INDEX(Parámetros!$G$5:$G$12,MATCH(G27,Parámetros!$A$5:$A$12,0)) -> 0.023 | Q27: =IF(Z27="","",INDEX(Parámetros!$C$27:$C$31,MATCH(Z27,Parámetros!$A$27:$A$31,0))*P27) -> 0 | S27: =(Q27+0.5*(1-(N27/L27)^2)+(1-(N27/M27)^2)^2)*(M27/N27)^4+IF(Z27="",0,INDEX(Parámetros!$E$27:$E$31,MATCH(Z27,Parámetros!$A$27:$A$31,0))) -> 0.47154997 | U27: =IF(H27="","",(Q27+0.5*(1-(N27/M27)^2)+(1-(N27/L27)^2)^2)*(M27/N27)^4+IF(Z27="",0,INDEX(Parámetros!$E$27:$E$31,MATCH(Z27,Parámetros!$A$27:$A$31,0)))) | V27: Crane fórm. 6 (θ = 180°): contracción y expansión en el inserto | W27: 1.28 | X27: https://latiendadeljardin.com/es/piezas-de-polietileno/446-701-enlace-macho-pe.html | Y27: Rosca equivalente supuesta (la ficha no la indica) | Z27: MANG | AA27: PE | AB27: =IF(COUNTIFS(Packs!$D$2:$D$70,A27,Packs!$F$2:$F$70,">0")=0,"",_xlfn.MINIFS(Packs!$F$2:$F$70,Packs!$D$2:$D$70,A27,Packs!$F$2:$F$70,">0")) -> 3.4875 | AC27: =COUNTIF(Packs!$D$2:$D$70,A27) -> 1
A28: PE-EM-40 | B28: Enlace rosca macho PE | C28: 5020 | D28: racor | E28: Enlace compresión × rosca macho BSP | F28: Compresión × rosca M | G28: 40 | I28: 1 1/4" | J28: 16 | K28: PP (cuerpo) · compresión para tubo PE | L28: =INDEX(Parámetros!$D$5:$D$12,MATCH(G28,Parámetros!$A$5:$A$12,0)) -> 32.6 | M28: =INDEX(Parámetros!$D$5:$D$12,MATCH(IF(H28="",G28,H28),Parámetros!$A$5:$A$12,0)) -> 32.6 | N28: =INDEX(Parámetros!$E$5:$E$12,MATCH(G28,Parámetros!$A$5:$A$12,0)) -> 28 | P28: =INDEX(Parámetros!$G$5:$G$12,MATCH(G28,Parámetros!$A$5:$A$12,0)) -> 0.022 | Q28: =IF(Z28="","",INDEX(Parámetros!$C$27:$C$31,MATCH(Z28,Parámetros!$A$27:$A$31,0))*P28) -> 0 | S28: =(Q28+0.5*(1-(N28/L28)^2)+(1-(N28/M28)^2)^2)*(M28/N28)^4+IF(Z28="",0,INDEX(Parámetros!$E$27:$E$31,MATCH(Z28,Parámetros!$A$27:$A$31,0))) -> 0.36741629 | U28: =IF(H28="","",(Q28+0.5*(1-(N28/M28)^2)+(1-(N28/L28)^2)^2)*(M28/N28)^4+IF(Z28="",0,INDEX(Parámetros!$E$27:$E$31,MATCH(Z28,Parámetros!$A$27:$A$31,0)))) | V28: Crane fórm. 6 (θ = 180°): contracción y expansión en el inserto | W28: 1.28 | X28: https://latiendadeljardin.com/es/piezas-de-polietileno/446-701-enlace-macho-pe.html | Y28: Rosca equivalente supuesta (la ficha no la indica) | Z28: MANG | AA28: PE | AB28: =IF(COUNTIFS(Packs!$D$2:$D$70,A28,Packs!$F$2:$F$70,">0")=0,"",_xlfn.MINIFS(Packs!$F$2:$F$70,Packs!$D$2:$D$70,A28,Packs!$F$2:$F$70,">0")) -> 4.4875 | AC28: =COUNTIF(Packs!$D$2:$D$70,A28) -> 1
... A32: PE-EM-90 | B32: Enlace rosca macho PE | C32: 5020 | D32: racor | E32: Enlace compresión × rosca macho BSP | F32: Compresión × rosca M | G32: 90 | I32: 3" | J32: 16 | K32: PP (cuerpo) · compresión para tubo PE | L32: =INDEX(Parámetros!$D$5:$D$12,MATCH(G32,Parámetros!$A$5:$A$12,0)) -> 73.6 | M32: =INDEX(Parámetros!$D$5:$D$12,MATCH(IF(H32="",G32,H32),Parámetros!$A$5:$A$12,0)) -> 73.6 | N32: =INDEX(Parámetros!$E$5:$E$12,MATCH(G32,Parámetros!$A$5:$A$12,0)) -> 66 | P32: =INDEX(Parámetros!$G$5:$G$12,MATCH(G32,Parámetros!$A$5:$A$12,0)) -> 0.018 | Q32: =IF(Z32="","",INDEX(Parámetros!$C$27:$C$31,MATCH(Z32,Parámetros!$A$27:$A$31,0))*P32) -> 0 | S32: =(Q32+0.5*(1-(N32/L32)^2)+(1-(N32/M32)^2)^2)*(M32/N32)^4+IF(Z32="",0,INDEX(Parámetros!$E$27:$E$31,MATCH(Z32,Parámetros!$A$27:$A$31,0))) -> 0.21076578 | U32: =IF(H32="","",(Q32+0.5*(1-(N32/M32)^2)+(1-(N32/L32)^2)^2)*(M32/N32)^4+IF(Z32="",0,INDEX(Parámetros!$E$27:$E$31,MATCH(Z32,Parámetros!$A$27:$A$31,0)))) | V32: Crane fórm. 6 (θ = 180°): contracción y expansión en el inserto | W32: 1.28 | X32: https://latiendadeljardin.com/es/piezas-de-polietileno/446-701-enlace-macho-pe.html | Y32: Rosca equivalente supuesta (la ficha no la indica) | Z32: MANG | AA32: PE | AB32: =IF(COUNTIFS(Packs!$D$2:$D$70,A32,Packs!$F$2:$F$70,">0")=0,"",_xlfn.MINIFS(Packs!$F$2:$F$70,Packs!$D$2:$D$70,A32,Packs!$F$2:$F$70,">0")) -> 20.4875 | AC32: =COUNTIF(Packs!$D$2:$D$70,A32) -> 1
A33: PE-CI-20 | B33: Codo igual PE | C33: 5620 | D33: codo90 | E33: Codo 90° de compresión | F33: Compresión × compresión | G33: 20 | J33: 16 | K33: PP (cuerpo) · compresión para tubo PE | L33: =INDEX(Parámetros!$D$5:$D$12,MATCH(G33,Parámetros!$A$5:$A$12,0)) -> 16 | M33: =INDEX(Parámetros!$D$5:$D$12,MATCH(IF(H33="",G33,H33),Parámetros!$A$5:$A$12,0)) -> 16 | N33: =INDEX(Parámetros!$E$5:$E$12,MATCH(G33,Parámetros!$A$5:$A$12,0)) -> 13 | P33: =INDEX(Parámetros!$G$5:$G$12,MATCH(G33,Parámetros!$A$5:$A$12,0)) -> 0.027 | Q33: =IF(Z33="","",INDEX(Parámetros!$C$27:$C$31,MATCH(Z33,Parámetros!$A$27:$A$31,0))*P33) -> 0.81 | S33: =(Q33+0.5*(1-(N33/L33)^2)+(1-(N33/M33)^2)^2)*(M33/N33)^4+IF(Z33="",0,INDEX(Parámetros!$E$27:$E$31,MATCH(Z33,Parámetros!$A$27:$A$31,0))) -> 2.513538 | U33: =IF(H33="","",(Q33+0.5*(1-(N33/M33)^2)+(1-(N33/L33)^2)^2)*(M33/N33)^4+IF(Z33="",0,INDEX(Parámetros!$E$27:$E$31,MATCH(Z33,Parámetros!$A$27:$A$31,0)))) | V33: Crane fórm. 6 con el paso del inserto + codo estándar 30·fT | W33: 2.02 | X33: https://latiendadeljardin.com/es/piezas-de-polietileno/447-709-Codo-igual-pe.html | Z33: CODO | AA33: PE | AB33: =IF(COUNTIFS(Packs!$D$2:$D$70,A33,Packs!$F$2:$F$70,">0")=0,"",_xlfn.MINIFS(Packs!$F$2:$F$70,Packs!$D$2:$D$70,A33,Packs!$F$2:$F$70,">0")) -> 2.2375 | AC33: =COUNTIF(Packs!$D$2:$D$70,A33) -> 1
A34: PE-CI-25 | B34: Codo igual PE | C34: 5620 | D34: codo90 | E34: Codo 90° de compresión | F34: Compresión × compresión | G34: 25 | J34: 16 | K34: PP (cuerpo) · compresión para tubo PE | L34: =INDEX(Parámetros!$D$5:$D$12,MATCH(G34,Parámetros!$A$5:$A$12,0)) -> 20.4 | M34: =INDEX(Parámetros!$D$5:$D$12,MATCH(IF(H34="",G34,H34),Parámetros!$A$5:$A$12,0)) -> 20.4 | N34: =INDEX(Parámetros!$E$5:$E$12,MATCH(G34,Parámetros!$A$5:$A$12,0)) -> 17 | P34: =INDEX(Parámetros!$G$5:$G$12,MATCH(G34,Parámetros!$A$5:$A$12,0)) -> 0.025 | Q34: =IF(Z34="","",INDEX(Parámetros!$C$27:$C$31,MATCH(Z34,Parámetros!$A$27:$A$31,0))*P34) -> 0.75 | S34: =(Q34+0.5*(1-(N34/L34)^2)+(1-(N34/M34)^2)^2)*(M34/N34)^4+IF(Z34="",0,INDEX(Parámetros!$E$27:$E$31,MATCH(Z34,Parámetros!$A$27:$A$31,0))) -> 2.0656 | U34: =IF(H34="","",(Q34+0.5*(1-(N34/M34)^2)+(1-(N34/L34)^2)^2)*(M34/N34)^4+IF(Z34="",0,INDEX(Parámetros!$E$27:$E$31,MATCH(Z34,Parámetros!$A$27:$A$31,0)))) | V34: Crane fórm. 6 con el paso del inserto + codo estándar 30·fT | W34: 2.02 | X34: https://latiendadeljardin.com/es/piezas-de-polietileno/447-709-Codo-igual-pe.html | Z34: CODO | AA34: PE | AB34: =IF(COUNTIFS(Packs!$D$2:$D$70,A34,Packs!$F$2:$F$70,">0")=0,"",_xlfn.MINIFS(Packs!$F$2:$F$70,Packs!$D$2:$D$70,A34,Packs!$F$2:$F$70,">0")) -> 2.7375 | AC34: =COUNTIF(Packs!$D$2:$D$70,A34) -> 1
A35: PE-CI-32 | B35: Codo igual PE | C35: 5620 | D35: codo90 | E35: Codo 90° de compresión | F35: Compresión × compresión | G35: 32 | J35: 16 | K35: PP (cuerpo) · compresión para tubo PE | L35: =INDEX(Parámetros!$D$5:$D$12,MATCH(G35,Parámetros!$A$5:$A$12,0)) -> 26.2 | M35: =INDEX(Parámetros!$D$5:$D$12,MATCH(IF(H35="",G35,H35),Parámetros!$A$5:$A$12,0)) -> 26.2 | N35: =INDEX(Parámetros!$E$5:$E$12,MATCH(G35,Parámetros!$A$5:$A$12,0)) -> 22 | P35: =INDEX(Parámetros!$G$5:$G$12,MATCH(G35,Parámetros!$A$5:$A$12,0)) -> 0.023 | Q35: =IF(Z35="","",INDEX(Parámetros!$C$27:$C$31,MATCH(Z35,Parámetros!$A$27:$A$31,0))*P35) -> 0.69 | S35: =(Q35+0.5*(1-(N35/L35)^2)+(1-(N35/M35)^2)^2)*(M35/N35)^4+IF(Z35="",0,INDEX(Parámetros!$E$27:$E$31,MATCH(Z35,Parámetros!$A$27:$A$31,0))) -> 1.8594671 | U35: =IF(H35="","",(Q35+0.5*(1-(N35/M35)^2)+(1-(N35/L35)^2)^2)*(M35/N35)^4+IF(Z35="",0,INDEX(Parámetros!$E$27:$E$31,MATCH(Z35,Parámetros!$A$27:$A$31,0)))) | V35: Crane fórm. 6 con el paso del inserto + codo estándar 30·fT | W35: 2.02 | X35: https://latiendadeljardin.com/es/piezas-de-polietileno/447-709-Codo-igual-pe.html | Z35: CODO | AA35: PE | AB35: =IF(COUNTIFS(Packs!$D$2:$D$70,A35,Packs!$F$2:$F$70,">0")=0,"",_xlfn.MINIFS(Packs!$F$2:$F$70,Packs!$D$2:$D$70,A35,Packs!$F$2:$F$70,">0")) -> 3.4875 | AC35: =COUNTIF(Packs!$D$2:$D$70,A35) -> 1
A36: PE-CI-40 | B36: Codo igual PE | C36: 5620 | D36: codo90 | E36: Codo 90° de compresión | F36: Compresión × compresión | G36: 40 | J36: 16 | K36: PP (cuerpo) · compresión para tubo PE | L36: =INDEX(Parámetros!$D$5:$D$12,MATCH(G36,Parámetros!$A$5:$A$12,0)) -> 32.6 | M36: =INDEX(Parámetros!$D$5:$D$12,MATCH(IF(H36="",G36,H36),Parámetros!$A$5:$A$12,0)) -> 32.6 | N36: =INDEX(Parámetros!$E$5:$E$12,MATCH(G36,Parámetros!$A$5:$A$12,0)) -> 28 | P36: =INDEX(Parámetros!$G$5:$G$12,MATCH(G36,Parámetros!$A$5:$A$12,0)) -> 0.022 | Q36: =IF(Z36="","",INDEX(Parámetros!$C$27:$C$31,MATCH(Z36,Parámetros!$A$27:$A$31,0))*P36) -> 0.66 | S36: =(Q36+0.5*(1-(N36/L36)^2)+(1-(N36/M36)^2)^2)*(M36/N36)^4+IF(Z36="",0,INDEX(Parámetros!$E$27:$E$31,MATCH(Z36,Parámetros!$A$27:$A$31,0))) -> 1.5801968 | U36: =IF(H36="","",(Q36+0.5*(1-(N36/M36)^2)+(1-(N36/L36)^2)^2)*(M36/N36)^4+IF(Z36="",0,INDEX(Parámetros!$E$27:$E$31,MATCH(Z36,Parámetros!$A$27:$A$31,0)))) | V36: Crane fórm. 6 con el paso del inserto + codo estándar 30·fT | W36: 2.02 | X36: https://latiendadeljardin.com/es/piezas-de-polietileno/447-709-Codo-igual-pe.html | Z36: CODO | AA36: PE | AB36: =IF(COUNTIFS(Packs!$D$2:$D$70,A36,Packs!$F$2:$F$70,">0")=0,"",_xlfn.MINIFS(Packs!$F$2:$F$70,Packs!$D$2:$D$70,A36,Packs!$F$2:$F$70,">0")) | AC36: =COUNTIF(Packs!$D$2:$D$70,A36) -> 0
A37: PE-CI-50 | B37: Codo igual PE | C37: 5620 | D37: codo90 | E37: Codo 90° de compresión | F37: Compresión × compresión | G37: 50 | J37: 16 | K37: PP (cuerpo) · compresión para tubo PE | L37: =INDEX(Parámetros!$D$5:$D$12,MATCH(G37,Parámetros!$A$5:$A$12,0)) -> 40.8 | M37: =INDEX(Parámetros!$D$5:$D$12,MATCH(IF(H37="",G37,H37),Parámetros!$A$5:$A$12,0)) -> 40.8 | N37: =INDEX(Parámetros!$E$5:$E$12,MATCH(G37,Parámetros!$A$5:$A$12,0)) -> 35 | P37: =INDEX(Parámetros!$G$5:$G$12,MATCH(G37,Parámetros!$A$5:$A$12,0)) -> 0.021 | Q37: =IF(Z37="","",INDEX(Parámetros!$C$27:$C$31,MATCH(Z37,Parámetros!$A$27:$A$31,0))*P37) -> 0.63 | S37: =(Q37+0.5*(1-(N37/L37)^2)+(1-(N37/M37)^2)^2)*(M37/N37)^4+IF(Z37="",0,INDEX(Parámetros!$E$27:$E$31,MATCH(Z37,Parámetros!$A$27:$A$31,0))) -> 1.5359941 | U37: =IF(H37="","",(Q37+0.5*(1-(N37/M37)^2)+(1-(N37/L37)^2)^2)*(M37/N37)^4+IF(Z37="",0,INDEX(Parámetros!$E$27:$E$31,MATCH(Z37,Parámetros!$A$27:$A$31,0)))) | V37: Crane fórm. 6 con el paso del inserto + codo estándar 30·fT | W37: 2.02 | X37: https://latiendadeljardin.com/es/piezas-de-polietileno/447-709-Codo-igual-pe.html | Z37: CODO | AA37: PE | AB37: =IF(COUNTIFS(Packs!$D$2:$D$70,A37,Packs!$F$2:$F$70,">0")=0,"",_xlfn.MINIFS(Packs!$F$2:$F$70,Packs!$D$2:$D$70,A37,Packs!$F$2:$F$70,">0")) | AC37: =COUNTIF(Packs!$D$2:$D$70,A37) -> 0
A38: PE-CI-63 | B38: Codo igual PE | C38: 5620 | D38: codo90 | E38: Codo 90° de compresión | F38: Compresión × compresión | G38: 63 | J38: 16 | K38: PP (cuerpo) · compresión para tubo PE | L38: =INDEX(Parámetros!$D$5:$D$12,MATCH(G38,Parámetros!$A$5:$A$12,0)) -> 51.4 | M38: =INDEX(Parámetros!$D$5:$D$12,MATCH(IF(H38="",G38,H38),Parámetros!$A$5:$A$12,0)) -> 51.4 | N38: =INDEX(Parámetros!$E$5:$E$12,MATCH(G38,Parámetros!$A$5:$A$12,0)) -> 45 | P38: =INDEX(Parámetros!$G$5:$G$12,MATCH(G38,Parámetros!$A$5:$A$12,0)) -> 0.019 | Q38: =IF(Z38="","",INDEX(Parámetros!$C$27:$C$31,MATCH(Z38,Parámetros!$A$27:$A$31,0))*P38) -> 0.57 | S38: =(Q38+0.5*(1-(N38/L38)^2)+(1-(N38/M38)^2)^2)*(M38/N38)^4+IF(Z38="",0,INDEX(Parámetros!$E$27:$E$31,MATCH(Z38,Parámetros!$A$27:$A$31,0))) -> 1.2618087 | U38: =IF(H38="","",(Q38+0.5*(1-(N38/M38)^2)+(1-(N38/L38)^2)^2)*(M38/N38)^4+IF(Z38="",0,INDEX(Parámetros!$E$27:$E$31,MATCH(Z38,Parámetros!$A$27:$A$31,0)))) | V38: Crane fórm. 6 con el paso del inserto + codo estándar 30·fT | W38: 2.02 | X38: https://latiendadeljardin.com/es/piezas-de-polietileno/447-709-Codo-igual-pe.html | Z38: CODO | AA38: PE | AB38: =IF(COUNTIFS(Packs!$D$2:$D$70,A38,Packs!$F$2:$F$70,">0")=0,"",_xlfn.MINIFS(Packs!$F$2:$F$70,Packs!$D$2:$D$70,A38,Packs!$F$2:$F$70,">0")) | AC38: =COUNTIF(Packs!$D$2:$D$70,A38) -> 0
A39: PE-CI-75 | B39: Codo igual PE | C39: 5620 | D39: codo90 | E39: Codo 90° de compresión | F39: Compresión × compresión | G39: 75 | J39: 16 | K39: PP (cuerpo) · compresión para tubo PE | L39: =INDEX(Parámetros!$D$5:$D$12,MATCH(G39,Parámetros!$A$5:$A$12,0)) -> 61.4 | M39: =INDEX(Parámetros!$D$5:$D$12,MATCH(IF(H39="",G39,H39),Parámetros!$A$5:$A$12,0)) -> 61.4 | N39: =INDEX(Parámetros!$E$5:$E$12,MATCH(G39,Parámetros!$A$5:$A$12,0)) -> 54 | P39: =INDEX(Parámetros!$G$5:$G$12,MATCH(G39,Parámetros!$A$5:$A$12,0)) -> 0.018 | Q39: =IF(Z39="","",INDEX(Parámetros!$C$27:$C$31,MATCH(Z39,Parámetros!$A$27:$A$31,0))*P39) -> 0.54 | S39: =(Q39+0.5*(1-(N39/L39)^2)+(1-(N39/M39)^2)^2)*(M39/N39)^4+IF(Z39="",0,INDEX(Parámetros!$E$27:$E$31,MATCH(Z39,Parámetros!$A$27:$A$31,0))) -> 1.1776646 | U39: =IF(H39="","",(Q39+0.5*(1-(N39/M39)^2)+(1-(N39/L39)^2)^2)*(M39/N39)^4+IF(Z39="",0,INDEX(Parámetros!$E$27:$E$31,MATCH(Z39,Parámetros!$A$27:$A$31,0)))) | V39: Crane fórm. 6 con el paso del inserto + codo estándar 30·fT | W39: 2.02 | X39: https://latiendadeljardin.com/es/piezas-de-polietileno/447-709-Codo-igual-pe.html | Z39: CODO | AA39: PE | AB39: =IF(COUNTIFS(Packs!$D$2:$D$70,A39,Packs!$F$2:$F$70,">0")=0,"",_xlfn.MINIFS(Packs!$F$2:$F$70,Packs!$D$2:$D$70,A39,Packs!$F$2:$F$70,">0")) | AC39: =COUNTIF(Packs!$D$2:$D$70,A39) -> 0
A40: PE-CI-90 | B40: Codo igual PE | C40: 5620 | D40: codo90 | E40: Codo 90° de compresión | F40: Compresión × compresión | G40: 90 | J40: 16 | K40: PP (cuerpo) · compresión para tubo PE | L40: =INDEX(Parámetros!$D$5:$D$12,MATCH(G40,Parámetros!$A$5:$A$12,0)) -> 73.6 | M40: =INDEX(Parámetros!$D$5:$D$12,MATCH(IF(H40="",G40,H40),Parámetros!$A$5:$A$12,0)) -> 73.6 | N40: =INDEX(Parámetros!$E$5:$E$12,MATCH(G40,Parámetros!$A$5:$A$12,0)) -> 66 | P40: =INDEX(Parámetros!$G$5:$G$12,MATCH(G40,Parámetros!$A$5:$A$12,0)) -> 0.018 | Q40: =IF(Z40="","",INDEX(Parámetros!$C$27:$C$31,MATCH(Z40,Parámetros!$A$27:$A$31,0))*P40) -> 0.54 | S40: =(Q40+0.5*(1-(N40/L40)^2)+(1-(N40/M40)^2)^2)*(M40/N40)^4+IF(Z40="",0,INDEX(Parámetros!$E$27:$E$31,MATCH(Z40,Parámetros!$A$27:$A$31,0))) -> 1.0458481 | U40: =IF(H40="","",(Q40+0.5*(1-(N40/M40)^2)+(1-(N40/L40)^2)^2)*(M40/N40)^4+IF(Z40="",0,INDEX(Parámetros!$E$27:$E$31,MATCH(Z40,Parámetros!$A$27:$A$31,0)))) | V40: Crane fórm. 6 con el paso del inserto + codo estándar 30·fT | W40: 2.02 | X40: https://latiendadeljardin.com/es/piezas-de-polietileno/447-709-Codo-igual-pe.html | Z40: CODO | AA40: PE | AB40: =IF(COUNTIFS(Packs!$D$2:$D$70,A40,Packs!$F$2:$F$70,">0")=0,"",_xlfn.MINIFS(Packs!$F$2:$F$70,Packs!$D$2:$D$70,A40,Packs!$F$2:$F$70,">0")) | AC40: =COUNTIF(Packs!$D$2:$D$70,A40) -> 0
A41: PE-CH-20 | B41: Codo rosca hembra PE | C41: 5820 | D41: codo90 | E41: Codo 90° compresión × rosca hembra | F41: Compresión × rosca H | G41: 20 | I41: 1/2" | J41: 16 | K41: PP (cuerpo) · compresión para tubo PE | L41: =INDEX(Parámetros!$D$5:$D$12,MATCH(G41,Parámetros!$A$5:$A$12,0)) -> 16 | M41: =INDEX(Parámetros!$D$5:$D$12,MATCH(IF(H41="",G41,H41),Parámetros!$A$5:$A$12,0)) -> 16 | N41: =INDEX(Parámetros!$E$5:$E$12,MATCH(G41,Parámetros!$A$5:$A$12,0)) -> 13 | P41: =INDEX(Parámetros!$G$5:$G$12,MATCH(G41,Parámetros!$A$5:$A$12,0)) -> 0.027 | Q41: =IF(Z41="","",INDEX(Parámetros!$C$27:$C$31,MATCH(Z41,Parámetros!$A$27:$A$31,0))*P41) -> 0.81 | S41: =(Q41+0.5*(1-(N41/L41)^2)+(1-(N41/M41)^2)^2)*(M41/N41)^4+IF(Z41="",0,INDEX(Parámetros!$E$27:$E$31,MATCH(Z41,Parámetros!$A$27:$A$31,0))) -> 2.513538 | U41: =IF(H41="","",(Q41+0.5*(1-(N41/M41)^2)+(1-(N41/L41)^2)^2)*(M41/N41)^4+IF(Z41="",0,INDEX(Parámetros!$E$27:$E$31,MATCH(Z41,Parámetros!$A$27:$A$31,0)))) | V41: Crane fórm. 6 con el paso del inserto + codo estándar 30·fT | W41: 2 | X41: https://latiendadeljardin.com/es/piezas-de-polietileno/448-717-codo-hembra-pe.html | Y41: Rosca equivalente supuesta | Z41: CODO | AA41: PE | AB41: =IF(COUNTIFS(Packs!$D$2:$D$70,A41,Packs!$F$2:$F$70,">0")=0,"",_xlfn.MINIFS(Packs!$F$2:$F$70,Packs!$D$2:$D$70,A41,Packs!$F$2:$F$70,">0")) | AC41: =COUNTIF(Packs!$D$2:$D$70,A41) -> 0
A42: PE-CH-25 | B42: Codo rosca hembra PE | C42: 5820 | D42: codo90 | E42: Codo 90° compresión × rosca hembra | F42: Compresión × rosca H | G42: 25 | I42: 3/4" | J42: 16 | K42: PP (cuerpo) · compresión para tubo PE | L42: =INDEX(Parámetros!$D$5:$D$12,MATCH(G42,Parámetros!$A$5:$A$12,0)) -> 20.4 | M42: =INDEX(Parámetros!$D$5:$D$12,MATCH(IF(H42="",G42,H42),Parámetros!$A$5:$A$12,0)) -> 20.4 | N42: =INDEX(Parámetros!$E$5:$E$12,MATCH(G42,Parámetros!$A$5:$A$12,0)) -> 17 | P42: =INDEX(Parámetros!$G$5:$G$12,MATCH(G42,Parámetros!$A$5:$A$12,0)) -> 0.025 | Q42: =IF(Z42="","",INDEX(Parámetros!$C$27:$C$31,MATCH(Z42,Parámetros!$A$27:$A$31,0))*P42) -> 0.75 | S42: =(Q42+0.5*(1-(N42/L42)^2)+(1-(N42/M42)^2)^2)*(M42/N42)^4+IF(Z42="",0,INDEX(Parámetros!$E$27:$E$31,MATCH(Z42,Parámetros!$A$27:$A$31,0))) -> 2.0656 | U42: =IF(H42="","",(Q42+0.5*(1-(N42/M42)^2)+(1-(N42/L42)^2)^2)*(M42/N42)^4+IF(Z42="",0,INDEX(Parámetros!$E$27:$E$31,MATCH(Z42,Parámetros!$A$27:$A$31,0)))) | V42: Crane fórm. 6 con el paso del inserto + codo estándar 30·fT | W42: 2 | X42: https://latiendadeljardin.com/es/piezas-de-polietileno/448-717-codo-hembra-pe.html | Y42: Rosca equivalente supuesta | Z42: CODO | AA42: PE | AB42: =IF(COUNTIFS(Packs!$D$2:$D$70,A42,Packs!$F$2:$F$70,">0")=0,"",_xlfn.MINIFS(Packs!$F$2:$F$70,Packs!$D$2:$D$70,A42,Packs!$F$2:$F$70,">0")) | AC42: =COUNTIF(Packs!$D$2:$D$70,A42) -> 0
A43: PE-CH-32 | B43: Codo rosca hembra PE | C43: 5820 | D43: codo90 | E43: Codo 90° compresión × rosca hembra | F43: Compresión × rosca H | G43: 32 | I43: 1" | J43: 16 | K43: PP (cuerpo) · compresión para tubo PE | L43: =INDEX(Parámetros!$D$5:$D$12,MATCH(G43,Parámetros!$A$5:$A$12,0)) -> 26.2 | M43: =INDEX(Parámetros!$D$5:$D$12,MATCH(IF(H43="",G43,H43),Parámetros!$A$5:$A$12,0)) -> 26.2 | N43: =INDEX(Parámetros!$E$5:$E$12,MATCH(G43,Parámetros!$A$5:$A$12,0)) -> 22 | P43: =INDEX(Parámetros!$G$5:$G$12,MATCH(G43,Parámetros!$A$5:$A$12,0)) -> 0.023 | Q43: =IF(Z43="","",INDEX(Parámetros!$C$27:$C$31,MATCH(Z43,Parámetros!$A$27:$A$31,0))*P43) -> 0.69 | S43: =(Q43+0.5*(1-(N43/L43)^2)+(1-(N43/M43)^2)^2)*(M43/N43)^4+IF(Z43="",0,INDEX(Parámetros!$E$27:$E$31,MATCH(Z43,Parámetros!$A$27:$A$31,0))) -> 1.8594671 | U43: =IF(H43="","",(Q43+0.5*(1-(N43/M43)^2)+(1-(N43/L43)^2)^2)*(M43/N43)^4+IF(Z43="",0,INDEX(Parámetros!$E$27:$E$31,MATCH(Z43,Parámetros!$A$27:$A$31,0)))) | V43: Crane fórm. 6 con el paso del inserto + codo estándar 30·fT | W43: 2 | X43: https://latiendadeljardin.com/es/piezas-de-polietileno/448-717-codo-hembra-pe.html | Y43: Rosca equivalente supuesta | Z43: CODO | AA43: PE | AB43: =IF(COUNTIFS(Packs!$D$2:$D$70,A43,Packs!$F$2:$F$70,">0")=0,"",_xlfn.MINIFS(Packs!$F$2:$F$70,Packs!$D$2:$D$70,A43,Packs!$F$2:$F$70,">0")) | AC43: =COUNTIF(Packs!$D$2:$D$70,A43) -> 0
A44: PE-CH-40 | B44: Codo rosca hembra PE | C44: 5820 | D44: codo90 | E44: Codo 90° compresión × rosca hembra | F44: Compresión × rosca H | G44: 40 | I44: 1 1/4" | J44: 16 | K44: PP (cuerpo) · compresión para tubo PE | L44: =INDEX(Parámetros!$D$5:$D$12,MATCH(G44,Parámetros!$A$5:$A$12,0)) -> 32.6 | M44: =INDEX(Parámetros!$D$5:$D$12,MATCH(IF(H44="",G44,H44),Parámetros!$A$5:$A$12,0)) -> 32.6 | N44: =INDEX(Parámetros!$E$5:$E$12,MATCH(G44,Parámetros!$A$5:$A$12,0)) -> 28 | P44: =INDEX(Parámetros!$G$5:$G$12,MATCH(G44,Parámetros!$A$5:$A$12,0)) -> 0.022 | Q44: =IF(Z44="","",INDEX(Parámetros!$C$27:$C$31,MATCH(Z44,Parámetros!$A$27:$A$31,0))*P44) -> 0.66 | S44: =(Q44+0.5*(1-(N44/L44)^2)+(1-(N44/M44)^2)^2)*(M44/N44)^4+IF(Z44="",0,INDEX(Parámetros!$E$27:$E$31,MATCH(Z44,Parámetros!$A$27:$A$31,0))) -> 1.5801968 | U44: =IF(H44="","",(Q44+0.5*(1-(N44/M44)^2)+(1-(N44/L44)^2)^2)*(M44/N44)^4+IF(Z44="",0,INDEX(Parámetros!$E$27:$E$31,MATCH(Z44,Parámetros!$A$27:$A$31,0)))) | V44: Crane fórm. 6 con el paso del inserto + codo estándar 30·fT | W44: 2 | X44: https://latiendadeljardin.com/es/piezas-de-polietileno/448-717-codo-hembra-pe.html | Y44: Rosca equivalente supuesta | Z44: CODO | AA44: PE | AB44: =IF(COUNTIFS(Packs!$D$2:$D$70,A44,Packs!$F$2:$F$70,">0")=0,"",_xlfn.MINIFS(Packs!$F$2:$F$70,Packs!$D$2:$D$70,A44,Packs!$F$2:$F$70,">0")) | AC44: =COUNTIF(Packs!$D$2:$D$70,A44) -> 0
A45: PE-CH-50 | B45: Codo rosca hembra PE | C45: 5820 | D45: codo90 | E45: Codo 90° compresión × rosca hembra | F45: Compresión × rosca H | G45: 50 | I45: 1 1/2" | J45: 16 | K45: PP (cuerpo) · compresión para tubo PE | L45: =INDEX(Parámetros!$D$5:$D$12,MATCH(G45,Parámetros!$A$5:$A$12,0)) -> 40.8 | M45: =INDEX(Parámetros!$D$5:$D$12,MATCH(IF(H45="",G45,H45),Parámetros!$A$5:$A$12,0)) -> 40.8 | N45: =INDEX(Parámetros!$E$5:$E$12,MATCH(G45,Parámetros!$A$5:$A$12,0)) -> 35 | P45: =INDEX(Parámetros!$G$5:$G$12,MATCH(G45,Parámetros!$A$5:$A$12,0)) -> 0.021 | Q45: =IF(Z45="","",INDEX(Parámetros!$C$27:$C$31,MATCH(Z45,Parámetros!$A$27:$A$31,0))*P45) -> 0.63 | S45: =(Q45+0.5*(1-(N45/L45)^2)+(1-(N45/M45)^2)^2)*(M45/N45)^4+IF(Z45="",0,INDEX(Parámetros!$E$27:$E$31,MATCH(Z45,Parámetros!$A$27:$A$31,0))) -> 1.5359941 | U45: =IF(H45="","",(Q45+0.5*(1-(N45/M45)^2)+(1-(N45/L45)^2)^2)*(M45/N45)^4+IF(Z45="",0,INDEX(Parámetros!$E$27:$E$31,MATCH(Z45,Parámetros!$A$27:$A$31,0)))) | V45: Crane fórm. 6 con el paso del inserto + codo estándar 30·fT | W45: 2 | X45: https://latiendadeljardin.com/es/piezas-de-polietileno/448-717-codo-hembra-pe.html | Y45: Rosca equivalente supuesta | Z45: CODO | AA45: PE | AB45: =IF(COUNTIFS(Packs!$D$2:$D$70,A45,Packs!$F$2:$F$70,">0")=0,"",_xlfn.MINIFS(Packs!$F$2:$F$70,Packs!$D$2:$D$70,A45,Packs!$F$2:$F$70,">0")) | AC45: =COUNTIF(Packs!$D$2:$D$70,A45) -> 0
A46: PE-CH-63 | B46: Codo rosca hembra PE | C46: 5820 | D46: codo90 | E46: Codo 90° compresión × rosca hembra | F46: Compresión × rosca H | G46: 63 | I46: 2" | J46: 16 | K46: PP (cuerpo) · compresión para tubo PE | L46: =INDEX(Parámetros!$D$5:$D$12,MATCH(G46,Parámetros!$A$5:$A$12,0)) -> 51.4 | M46: =INDEX(Parámetros!$D$5:$D$12,MATCH(IF(H46="",G46,H46),Parámetros!$A$5:$A$12,0)) -> 51.4 | N46: =INDEX(Parámetros!$E$5:$E$12,MATCH(G46,Parámetros!$A$5:$A$12,0)) -> 45 | P46: =INDEX(Parámetros!$G$5:$G$12,MATCH(G46,Parámetros!$A$5:$A$12,0)) -> 0.019 | Q46: =IF(Z46="","",INDEX(Parámetros!$C$27:$C$31,MATCH(Z46,Parámetros!$A$27:$A$31,0))*P46) -> 0.57 | S46: =(Q46+0.5*(1-(N46/L46)^2)+(1-(N46/M46)^2)^2)*(M46/N46)^4+IF(Z46="",0,INDEX(Parámetros!$E$27:$E$31,MATCH(Z46,Parámetros!$A$27:$A$31,0))) -> 1.2618087 | U46: =IF(H46="","",(Q46+0.5*(1-(N46/M46)^2)+(1-(N46/L46)^2)^2)*(M46/N46)^4+IF(Z46="",0,INDEX(Parámetros!$E$27:$E$31,MATCH(Z46,Parámetros!$A$27:$A$31,0)))) | V46: Crane fórm. 6 con el paso del inserto + codo estándar 30·fT | W46: 2 | X46: https://latiendadeljardin.com/es/piezas-de-polietileno/448-717-codo-hembra-pe.html | Y46: Rosca equivalente supuesta | Z46: CODO | AA46: PE | AB46: =IF(COUNTIFS(Packs!$D$2:$D$70,A46,Packs!$F$2:$F$70,">0")=0,"",_xlfn.MINIFS(Packs!$F$2:$F$70,Packs!$D$2:$D$70,A46,Packs!$F$2:$F$70,">0")) | AC46: =COUNTIF(Packs!$D$2:$D$70,A46) -> 0
A47: PE-CH-75 | B47: Codo rosca hembra PE | C47: 5820 | D47: codo90 | E47: Codo 90° compresión × rosca hembra | F47: Compresión × rosca H | G47: 75 | I47: 2 1/2" | J47: 16 | K47: PP (cuerpo) · compresión para tubo PE | L47: =INDEX(Parámetros!$D$5:$D$12,MATCH(G47,Parámetros!$A$5:$A$12,0)) -> 61.4 | M47: =INDEX(Parámetros!$D$5:$D$12,MATCH(IF(H47="",G47,H47),Parámetros!$A$5:$A$12,0)) -> 61.4 | N47: =INDEX(Parámetros!$E$5:$E$12,MATCH(G47,Parámetros!$A$5:$A$12,0)) -> 54 | P47: =INDEX(Parámetros!$G$5:$G$12,MATCH(G47,Parámetros!$A$5:$A$12,0)) -> 0.018 | Q47: =IF(Z47="","",INDEX(Parámetros!$C$27:$C$31,MATCH(Z47,Parámetros!$A$27:$A$31,0))*P47) -> 0.54 | S47: =(Q47+0.5*(1-(N47/L47)^2)+(1-(N47/M47)^2)^2)*(M47/N47)^4+IF(Z47="",0,INDEX(Parámetros!$E$27:$E$31,MATCH(Z47,Parámetros!$A$27:$A$31,0))) -> 1.1776646 | U47: =IF(H47="","",(Q47+0.5*(1-(N47/M47)^2)+(1-(N47/L47)^2)^2)*(M47/N47)^4+IF(Z47="",0,INDEX(Parámetros!$E$27:$E$31,MATCH(Z47,Parámetros!$A$27:$A$31,0)))) | V47: Crane fórm. 6 con el paso del inserto + codo estándar 30·fT | W47: 2 | X47: https://latiendadeljardin.com/es/piezas-de-polietileno/448-717-codo-hembra-pe.html | Y47: Rosca equivalente supuesta | Z47: CODO | AA47: PE | AB47: =IF(COUNTIFS(Packs!$D$2:$D$70,A47,Packs!$F$2:$F$70,">0")=0,"",_xlfn.MINIFS(Packs!$F$2:$F$70,Packs!$D$2:$D$70,A47,Packs!$F$2:$F$70,">0")) | AC47: =COUNTIF(Packs!$D$2:$D$70,A47) -> 0
A48: PE-CH-90 | B48: Codo rosca hembra PE | C48: 5820 | D48: codo90 | E48: Codo 90° compresión × rosca hembra | F48: Compresión × rosca H | G48: 90 | I48: 3" | J48: 16 | K48: PP (cuerpo) · compresión para tubo PE | L48: =INDEX(Parámetros!$D$5:$D$12,MATCH(G48,Parámetros!$A$5:$A$12,0)) -> 73.6 | M48: =INDEX(Parámetros!$D$5:$D$12,MATCH(IF(H48="",G48,H48),Parámetros!$A$5:$A$12,0)) -> 73.6 | N48: =INDEX(Parámetros!$E$5:$E$12,MATCH(G48,Parámetros!$A$5:$A$12,0)) -> 66 | P48: =INDEX(Parámetros!$G$5:$G$12,MATCH(G48,Parámetros!$A$5:$A$12,0)) -> 0.018 | Q48: =IF(Z48="","",INDEX(Parámetros!$C$27:$C$31,MATCH(Z48,Parámetros!$A$27:$A$31,0))*P48) -> 0.54 | S48: =(Q48+0.5*(1-(N48/L48)^2)+(1-(N48/M48)^2)^2)*(M48/N48)^4+IF(Z48="",0,INDEX(Parámetros!$E$27:$E$31,MATCH(Z48,Parámetros!$A$27:$A$31,0))) -> 1.0458481 | U48: =IF(H48="","",(Q48+0.5*(1-(N48/M48)^2)+(1-(N48/L48)^2)^2)*(M48/N48)^4+IF(Z48="",0,INDEX(Parámetros!$E$27:$E$31,MATCH(Z48,Parámetros!$A$27:$A$31,0)))) | V48: Crane fórm. 6 con el paso del inserto + codo estándar 30·fT | W48: 2 | X48: https://latiendadeljardin.com/es/piezas-de-polietileno/448-717-codo-hembra-pe.html | Y48: Rosca equivalente supuesta | Z48: CODO | AA48: PE | AB48: =IF(COUNTIFS(Packs!$D$2:$D$70,A48,Packs!$F$2:$F$70,">0")=0,"",_xlfn.MINIFS(Packs!$F$2:$F$70,Packs!$D$2:$D$70,A48,Packs!$F$2:$F$70,">0")) | AC48: =COUNTIF(Packs!$D$2:$D$70,A48) -> 0
A49: PE-CM-20 | B49: Codo rosca macho PE | C49: 5720 | D49: codo90 | E49: Codo 90° compresión × rosca macho | F49: Compresión × rosca M | G49: 20 | I49: 1/2" | J49: 16 | K49: PP (cuerpo) · compresión para tubo PE | L49: =INDEX(Parámetros!$D$5:$D$12,MATCH(G49,Parámetros!$A$5:$A$12,0)) -> 16 | M49: =INDEX(Parámetros!$D$5:$D$12,MATCH(IF(H49="",G49,H49),Parámetros!$A$5:$A$12,0)) -> 16 | N49: =INDEX(Parámetros!$E$5:$E$12,MATCH(G49,Parámetros!$A$5:$A$12,0)) -> 13 | P49: =INDEX(Parámetros!$G$5:$G$12,MATCH(G49,Parámetros!$A$5:$A$12,0)) -> 0.027 | Q49: =IF(Z49="","",INDEX(Parámetros!$C$27:$C$31,MATCH(Z49,Parámetros!$A$27:$A$31,0))*P49) -> 0.81 | S49: =(Q49+0.5*(1-(N49/L49)^2)+(1-(N49/M49)^2)^2)*(M49/N49)^4+IF(Z49="",0,INDEX(Parámetros!$E$27:$E$31,MATCH(Z49,Parámetros!$A$27:$A$31,0))) -> 2.513538 | U49: =IF(H49="","",(Q49+0.5*(1-(N49/M49)^2)+(1-(N49/L49)^2)^2)*(M49/N49)^4+IF(Z49="",0,INDEX(Parámetros!$E$27:$E$31,MATCH(Z49,Parámetros!$A$27:$A$31,0)))) | V49: Crane fórm. 6 con el paso del inserto + codo estándar 30·fT | W49: 2.29 | X49: https://latiendadeljardin.com/es/piezas-de-polietileno/449-725-codo-macho-pe.html | Y49: Rosca equivalente supuesta. La tienda solo ofrece hasta 63 mm | Z49: CODO | AA49: PE | AB49: =IF(COUNTIFS(Packs!$D$2:$D$70,A49,Packs!$F$2:$F$70,">0")=0,"",_xlfn.MINIFS(Packs!$F$2:$F$70,Packs!$D$2:$D$70,A49,Packs!$F$2:$F$70,">0")) | AC49: =COUNTIF(Packs!$D$2:$D$70,A49) -> 0
A50: PE-CM-25 | B50: Codo rosca macho PE | C50: 5720 | D50: codo90 | E50: Codo 90° compresión × rosca macho | F50: Compresión × rosca M | G50: 25 | I50: 3/4" | J50: 16 | K50: PP (cuerpo) · compresión para tubo PE | L50: =INDEX(Parámetros!$D$5:$D$12,MATCH(G50,Parámetros!$A$5:$A$12,0)) -> 20.4 | M50: =INDEX(Parámetros!$D$5:$D$12,MATCH(IF(H50="",G50,H50),Parámetros!$A$5:$A$12,0)) -> 20.4 | N50: =INDEX(Parámetros!$E$5:$E$12,MATCH(G50,Parámetros!$A$5:$A$12,0)) -> 17 | P50: =INDEX(Parámetros!$G$5:$G$12,MATCH(G50,Parámetros!$A$5:$A$12,0)) -> 0.025 | Q50: =IF(Z50="","",INDEX(Parámetros!$C$27:$C$31,MATCH(Z50,Parámetros!$A$27:$A$31,0))*P50) -> 0.75 | S50: =(Q50+0.5*(1-(N50/L50)^2)+(1-(N50/M50)^2)^2)*(M50/N50)^4+IF(Z50="",0,INDEX(Parámetros!$E$27:$E$31,MATCH(Z50,Parámetros!$A$27:$A$31,0))) -> 2.0656 | U50: =IF(H50="","",(Q50+0.5*(1-(N50/M50)^2)+(1-(N50/L50)^2)^2)*(M50/N50)^4+IF(Z50="",0,INDEX(Parámetros!$E$27:$E$31,MATCH(Z50,Parámetros!$A$27:$A$31,0)))) | V50: Crane fórm. 6 con el paso del inserto + codo estándar 30·fT | W50: 2.29 | X50: https://latiendadeljardin.com/es/piezas-de-polietileno/449-725-codo-macho-pe.html | Y50: Rosca equivalente supuesta. La tienda solo ofrece hasta 63 mm | Z50: CODO | AA50: PE | AB50: =IF(COUNTIFS(Packs!$D$2:$D$70,A50,Packs!$F$2:$F$70,">0")=0,"",_xlfn.MINIFS(Packs!$F$2:$F$70,Packs!$D$2:$D$70,A50,Packs!$F$2:$F$70,">0")) | AC50: =COUNTIF(Packs!$D$2:$D$70,A50) -> 0
A51: PE-CM-32 | B51: Codo rosca macho PE | C51: 5720 | D51: codo90 | E51: Codo 90° compresión × rosca macho | F51: Compresión × rosca M | G51: 32 | I51: 1" | J51: 16 | K51: PP (cuerpo) · compresión para tubo PE | L51: =INDEX(Parámetros!$D$5:$D$12,MATCH(G51,Parámetros!$A$5:$A$12,0)) -> 26.2 | M51: =INDEX(Parámetros!$D$5:$D$12,MATCH(IF(H51="",G51,H51),Parámetros!$A$5:$A$12,0)) -> 26.2 | N51: =INDEX(Parámetros!$E$5:$E$12,MATCH(G51,Parámetros!$A$5:$A$12,0)) -> 22 | P51: =INDEX(Parámetros!$G$5:$G$12,MATCH(G51,Parámetros!$A$5:$A$12,0)) -> 0.023 | Q51: =IF(Z51="","",INDEX(Parámetros!$C$27:$C$31,MATCH(Z51,Parámetros!$A$27:$A$31,0))*P51) -> 0.69 | S51: =(Q51+0.5*(1-(N51/L51)^2)+(1-(N51/M51)^2)^2)*(M51/N51)^4+IF(Z51="",0,INDEX(Parámetros!$E$27:$E$31,MATCH(Z51,Parámetros!$A$27:$A$31,0))) -> 1.8594671 | U51: =IF(H51="","",(Q51+0.5*(1-(N51/M51)^2)+(1-(N51/L51)^2)^2)*(M51/N51)^4+IF(Z51="",0,INDEX(Parámetros!$E$27:$E$31,MATCH(Z51,Parámetros!$A$27:$A$31,0)))) | V51: Crane fórm. 6 con el paso del inserto + codo estándar 30·fT | W51: 2.29 | X51: https://latiendadeljardin.com/es/piezas-de-polietileno/449-725-codo-macho-pe.html | Y51: Rosca equivalente supuesta. La tienda solo ofrece hasta 63 mm | Z51: CODO | AA51: PE | AB51: =IF(COUNTIFS(Packs!$D$2:$D$70,A51,Packs!$F$2:$F$70,">0")=0,"",_xlfn.MINIFS(Packs!$F$2:$F$70,Packs!$D$2:$D$70,A51,Packs!$F$2:$F$70,">0")) | AC51: =COUNTIF(Packs!$D$2:$D$70,A51) -> 0
A52: PE-CM-40 | B52: Codo rosca macho PE | C52: 5720 | D52: codo90 | E52: Codo 90° compresión × rosca macho | F52: Compresión × rosca M | G52: 40 | I52: 1 1/4" | J52: 16 | K52: PP (cuerpo) · compresión para tubo PE | L52: =INDEX(Parámetros!$D$5:$D$12,MATCH(G52,Parámetros!$A$5:$A$12,0)) -> 32.6 | M52: =INDEX(Parámetros!$D$5:$D$12,MATCH(IF(H52="",G52,H52),Parámetros!$A$5:$A$12,0)) -> 32.6 | N52: =INDEX(Parámetros!$E$5:$E$12,MATCH(G52,Parámetros!$A$5:$A$12,0)) -> 28 | P52: =INDEX(Parámetros!$G$5:$G$12,MATCH(G52,Parámetros!$A$5:$A$12,0)) -> 0.022 | Q52: =IF(Z52="","",INDEX(Parámetros!$C$27:$C$31,MATCH(Z52,Parámetros!$A$27:$A$31,0))*P52) -> 0.66 | S52: =(Q52+0.5*(1-(N52/L52)^2)+(1-(N52/M52)^2)^2)*(M52/N52)^4+IF(Z52="",0,INDEX(Parámetros!$E$27:$E$31,MATCH(Z52,Parámetros!$A$27:$A$31,0))) -> 1.5801968 | U52: =IF(H52="","",(Q52+0.5*(1-(N52/M52)^2)+(1-(N52/L52)^2)^2)*(M52/N52)^4+IF(Z52="",0,INDEX(Parámetros!$E$27:$E$31,MATCH(Z52,Parámetros!$A$27:$A$31,0)))) | V52: Crane fórm. 6 con el paso del inserto + codo estándar 30·fT | W52: 2.29 | X52: https://latiendadeljardin.com/es/piezas-de-polietileno/449-725-codo-macho-pe.html | Y52: Rosca equivalente supuesta. La tienda solo ofrece hasta 63 mm | Z52: CODO | AA52: PE | AB52: =IF(COUNTIFS(Packs!$D$2:$D$70,A52,Packs!$F$2:$F$70,">0")=0,"",_xlfn.MINIFS(Packs!$F$2:$F$70,Packs!$D$2:$D$70,A52,Packs!$F$2:$F$70,">0")) | AC52: =COUNTIF(Packs!$D$2:$D$70,A52) -> 0
... A54: PE-CM-63 | B54: Codo rosca macho PE | C54: 5720 | D54: codo90 | E54: Codo 90° compresión × rosca macho | F54: Compresión × rosca M | G54: 63 | I54: 2" | J54: 16 | K54: PP (cuerpo) · compresión para tubo PE | L54: =INDEX(Parámetros!$D$5:$D$12,MATCH(G54,Parámetros!$A$5:$A$12,0)) -> 51.4 | M54: =INDEX(Parámetros!$D$5:$D$12,MATCH(IF(H54="",G54,H54),Parámetros!$A$5:$A$12,0)) -> 51.4 | N54: =INDEX(Parámetros!$E$5:$E$12,MATCH(G54,Parámetros!$A$5:$A$12,0)) -> 45 | P54: =INDEX(Parámetros!$G$5:$G$12,MATCH(G54,Parámetros!$A$5:$A$12,0)) -> 0.019 | Q54: =IF(Z54="","",INDEX(Parámetros!$C$27:$C$31,MATCH(Z54,Parámetros!$A$27:$A$31,0))*P54) -> 0.57 | S54: =(Q54+0.5*(1-(N54/L54)^2)+(1-(N54/M54)^2)^2)*(M54/N54)^4+IF(Z54="",0,INDEX(Parámetros!$E$27:$E$31,MATCH(Z54,Parámetros!$A$27:$A$31,0))) -> 1.2618087 | U54: =IF(H54="","",(Q54+0.5*(1-(N54/M54)^2)+(1-(N54/L54)^2)^2)*(M54/N54)^4+IF(Z54="",0,INDEX(Parámetros!$E$27:$E$31,MATCH(Z54,Parámetros!$A$27:$A$31,0)))) | V54: Crane fórm. 6 con el paso del inserto + codo estándar 30·fT | W54: 2.29 | X54: https://latiendadeljardin.com/es/piezas-de-polietileno/449-725-codo-macho-pe.html | Y54: Rosca equivalente supuesta. La tienda solo ofrece hasta 63 mm | Z54: CODO | AA54: PE | AB54: =IF(COUNTIFS(Packs!$D$2:$D$70,A54,Packs!$F$2:$F$70,">0")=0,"",_xlfn.MINIFS(Packs!$F$2:$F$70,Packs!$D$2:$D$70,A54,Packs!$F$2:$F$70,">0")) | AC54: =COUNTIF(Packs!$D$2:$D$70,A54) -> 0
A55: PE-TI-20 | B55: Te igual PE | C55: 5420 | D55: tee | E55: Te de compresión igual | F55: Compresión ×3 | G55: 20 | H55: 20 | J55: 16 | K55: PP (cuerpo) · compresión para tubo PE | L55: =INDEX(Parámetros!$D$5:$D$12,MATCH(G55,Parámetros!$A$5:$A$12,0)) -> 16 | M55: =INDEX(Parámetros!$D$5:$D$12,MATCH(IF(H55="",G55,H55),Parámetros!$A$5:$A$12,0)) -> 16 | N55: =INDEX(Parámetros!$E$5:$E$12,MATCH(G55,Parámetros!$A$5:$A$12,0)) -> 13 | O55: =INDEX(Parámetros!$E$5:$E$12,MATCH(IF(H55="",G55,H55),Parámetros!$A$5:$A$12,0)) -> 13 | P55: =INDEX(Parámetros!$G$5:$G$12,MATCH(G55,Parámetros!$A$5:$A$12,0)) -> 0.027 | Q55: =IF(Z55="","",INDEX(Parámetros!$C$27:$C$31,MATCH(Z55,Parámetros!$A$27:$A$31,0))*P55) -> 0.54 | R55: =INDEX(Parámetros!$D$27:$D$31,MATCH(Z55,Parámetros!$A$27:$A$31,0))*P55 -> 1.62 | S55: =(Q55+0.5*(1-(N55/L55)^2)+(1-(N55/L55)^2)^2)*(L55/N55)^4+IF(Z55="",0,INDEX(Parámetros!$E$27:$E$31,MATCH(Z55,Parámetros!$A$27:$A$31,0))) -> 1.8939967 | T55: =(R55+0.5*(1-(O55/L55)^2)+(1-(O55/M55)^2)^2)*(M55/O55)^4+IF(Z55="",0,INDEX(Parámetros!$E$27:$E$31,MATCH(Z55,Parámetros!$A$27:$A$31,0))) -> 4.372162 | V55: Crane fórm. 6 (θ = 180°) con el paso del inserto + te 20·fT (paso) / 60·fT (derivación) | W55: 2.96 | X55: https://latiendadeljardin.com/es/piezas-de-polietileno/450-733-Te-igual-pe.html | Z55: TE | AA55: PE | AB55: =IF(COUNTIFS(Packs!$D$2:$D$70,A55,Packs!$F$2:$F$70,">0")=0,"",_xlfn.MINIFS(Packs!$F$2:$F$70,Packs!$D$2:$D$70,A55,Packs!$F$2:$F$70,">0")) -> 2.7375 | AC55: =COUNTIF(Packs!$D$2:$D$70,A55) -> 1
A56: PE-TI-25 | B56: Te igual PE | C56: 5420 | D56: tee | E56: Te de compresión igual | F56: Compresión ×3 | G56: 25 | H56: 25 | J56: 16 | K56: PP (cuerpo) · compresión para tubo PE | L56: =INDEX(Parámetros!$D$5:$D$12,MATCH(G56,Parámetros!$A$5:$A$12,0)) -> 20.4 | M56: =INDEX(Parámetros!$D$5:$D$12,MATCH(IF(H56="",G56,H56),Parámetros!$A$5:$A$12,0)) -> 20.4 | N56: =INDEX(Parámetros!$E$5:$E$12,MATCH(G56,Parámetros!$A$5:$A$12,0)) -> 17 | O56: =INDEX(Parámetros!$E$5:$E$12,MATCH(IF(H56="",G56,H56),Parámetros!$A$5:$A$12,0)) -> 17 | P56: =INDEX(Parámetros!$G$5:$G$12,MATCH(G56,Parámetros!$A$5:$A$12,0)) -> 0.025 | Q56: =IF(Z56="","",INDEX(Parámetros!$C$27:$C$31,MATCH(Z56,Parámetros!$A$27:$A$31,0))*P56) -> 0.5 | R56: =INDEX(Parámetros!$D$27:$D$31,MATCH(Z56,Parámetros!$A$27:$A$31,0))*P56 -> 1.5 | S56: =(Q56+0.5*(1-(N56/L56)^2)+(1-(N56/L56)^2)^2)*(L56/N56)^4+IF(Z56="",0,INDEX(Parámetros!$E$27:$E$31,MATCH(Z56,Parámetros!$A$27:$A$31,0))) -> 1.5472 | T56: =(R56+0.5*(1-(O56/L56)^2)+(1-(O56/M56)^2)^2)*(M56/O56)^4+IF(Z56="",0,INDEX(Parámetros!$E$27:$E$31,MATCH(Z56,Parámetros!$A$27:$A$31,0))) -> 3.6208 | V56: Crane fórm. 6 (θ = 180°) con el paso del inserto + te 20·fT (paso) / 60·fT (derivación) | W56: 2.96 | X56: https://latiendadeljardin.com/es/piezas-de-polietileno/450-733-Te-igual-pe.html | Z56: TE | AA56: PE | AB56: =IF(COUNTIFS(Packs!$D$2:$D$70,A56,Packs!$F$2:$F$70,">0")=0,"",_xlfn.MINIFS(Packs!$F$2:$F$70,Packs!$D$2:$D$70,A56,Packs!$F$2:$F$70,">0")) -> 3.7375 | AC56: =COUNTIF(Packs!$D$2:$D$70,A56) -> 1
A57: PE-TI-32 | B57: Te igual PE | C57: 5420 | D57: tee | E57: Te de compresión igual | F57: Compresión ×3 | G57: 32 | H57: 32 | J57: 16 | K57: PP (cuerpo) · compresión para tubo PE | L57: =INDEX(Parámetros!$D$5:$D$12,MATCH(G57,Parámetros!$A$5:$A$12,0)) -> 26.2 | M57: =INDEX(Parámetros!$D$5:$D$12,MATCH(IF(H57="",G57,H57),Parámetros!$A$5:$A$12,0)) -> 26.2 | N57: =INDEX(Parámetros!$E$5:$E$12,MATCH(G57,Parámetros!$A$5:$A$12,0)) -> 22 | O57: =INDEX(Parámetros!$E$5:$E$12,MATCH(IF(H57="",G57,H57),Parámetros!$A$5:$A$12,0)) -> 22 | P57: =INDEX(Parámetros!$G$5:$G$12,MATCH(G57,Parámetros!$A$5:$A$12,0)) -> 0.023 | Q57: =IF(Z57="","",INDEX(Parámetros!$C$27:$C$31,MATCH(Z57,Parámetros!$A$27:$A$31,0))*P57) -> 0.46 | R57: =INDEX(Parámetros!$D$27:$D$31,MATCH(Z57,Parámetros!$A$27:$A$31,0))*P57 -> 1.38 | S57: =(Q57+0.5*(1-(N57/L57)^2)+(1-(N57/L57)^2)^2)*(L57/N57)^4+IF(Z57="",0,INDEX(Parámetros!$E$27:$E$31,MATCH(Z57,Parámetros!$A$27:$A$31,0))) -> 1.3968281 | T57: =(R57+0.5*(1-(O57/L57)^2)+(1-(O57/M57)^2)^2)*(M57/O57)^4+IF(Z57="",0,INDEX(Parámetros!$E$27:$E$31,MATCH(Z57,Parámetros!$A$27:$A$31,0))) -> 3.2473842 | V57: Crane fórm. 6 (θ = 180°) con el paso del inserto + te 20·fT (paso) / 60·fT (derivación) | W57: 2.96 | X57: https://latiendadeljardin.com/es/piezas-de-polietileno/450-733-Te-igual-pe.html | Z57: TE | AA57: PE | AB57: =IF(COUNTIFS(Packs!$D$2:$D$70,A57,Packs!$F$2:$F$70,">0")=0,"",_xlfn.MINIFS(Packs!$F$2:$F$70,Packs!$D$2:$D$70,A57,Packs!$F$2:$F$70,">0")) -> 4.4875 | AC57: =COUNTIF(Packs!$D$2:$D$70,A57) -> 1
A58: PE-TI-40 | B58: Te igual PE | C58: 5420 | D58: tee | E58: Te de compresión igual | F58: Compresión ×3 | G58: 40 | H58: 40 | J58: 16 | K58: PP (cuerpo) · compresión para tubo PE | L58: =INDEX(Parámetros!$D$5:$D$12,MATCH(G58,Parámetros!$A$5:$A$12,0)) -> 32.6 | M58: =INDEX(Parámetros!$D$5:$D$12,MATCH(IF(H58="",G58,H58),Parámetros!$A$5:$A$12,0)) -> 32.6 | N58: =INDEX(Parámetros!$E$5:$E$12,MATCH(G58,Parámetros!$A$5:$A$12,0)) -> 28 | O58: =INDEX(Parámetros!$E$5:$E$12,MATCH(IF(H58="",G58,H58),Parámetros!$A$5:$A$12,0)) -> 28 | P58: =INDEX(Parámetros!$G$5:$G$12,MATCH(G58,Parámetros!$A$5:$A$12,0)) -> 0.022 | Q58: =IF(Z58="","",INDEX(Parámetros!$C$27:$C$31,MATCH(Z58,Parámetros!$A$27:$A$31,0))*P58) -> 0.44 | R58: =INDEX(Parámetros!$D$27:$D$31,MATCH(Z58,Parámetros!$A$27:$A$31,0))*P58 -> 1.32 | S58: =(Q58+0.5*(1-(N58/L58)^2)+(1-(N58/L58)^2)^2)*(L58/N58)^4+IF(Z58="",0,INDEX(Parámetros!$E$27:$E$31,MATCH(Z58,Parámetros!$A$27:$A$31,0))) -> 1.1759366 | T58: =(R58+0.5*(1-(O58/L58)^2)+(1-(O58/M58)^2)^2)*(M58/O58)^4+IF(Z58="",0,INDEX(Parámetros!$E$27:$E$31,MATCH(Z58,Parámetros!$A$27:$A$31,0))) -> 2.7929773 | V58: Crane fórm. 6 (θ = 180°) con el paso del inserto + te 20·fT (paso) / 60·fT (derivación) | W58: 2.96 | X58: https://latiendadeljardin.com/es/piezas-de-polietileno/450-733-Te-igual-pe.html | Z58: TE | AA58: PE | AB58: =IF(COUNTIFS(Packs!$D$2:$D$70,A58,Packs!$F$2:$F$70,">0")=0,"",_xlfn.MINIFS(Packs!$F$2:$F$70,Packs!$D$2:$D$70,A58,Packs!$F$2:$F$70,">0")) -> 7.4875 | AC58: =COUNTIF(Packs!$D$2:$D$70,A58) -> 1
A59: PE-TI-50 | B59: Te igual PE | C59: 5420 | D59: tee | E59: Te de compresión igual | F59: Compresión ×3 | G59: 50 | H59: 50 | J59: 16 | K59: PP (cuerpo) · compresión para tubo PE | L59: =INDEX(Parámetros!$D$5:$D$12,MATCH(G59,Parámetros!$A$5:$A$12,0)) -> 40.8 | M59: =INDEX(Parámetros!$D$5:$D$12,MATCH(IF(H59="",G59,H59),Parámetros!$A$5:$A$12,0)) -> 40.8 | N59: =INDEX(Parámetros!$E$5:$E$12,MATCH(G59,Parámetros!$A$5:$A$12,0)) -> 35 | O59: =INDEX(Parámetros!$E$5:$E$12,MATCH(IF(H59="",G59,H59),Parámetros!$A$5:$A$12,0)) -> 35 | P59: =INDEX(Parámetros!$G$5:$G$12,MATCH(G59,Parámetros!$A$5:$A$12,0)) -> 0.021 | Q59: =IF(Z59="","",INDEX(Parámetros!$C$27:$C$31,MATCH(Z59,Parámetros!$A$27:$A$31,0))*P59) -> 0.42 | R59: =INDEX(Parámetros!$D$27:$D$31,MATCH(Z59,Parámetros!$A$27:$A$31,0))*P59 -> 1.26 | S59: =(Q59+0.5*(1-(N59/L59)^2)+(1-(N59/L59)^2)^2)*(L59/N59)^4+IF(Z59="",0,INDEX(Parámetros!$E$27:$E$31,MATCH(Z59,Parámetros!$A$27:$A$31,0))) -> 1.1482119 | T59: =(R59+0.5*(1-(O59/L59)^2)+(1-(O59/M59)^2)^2)*(M59/O59)^4+IF(Z59="",0,INDEX(Parámetros!$E$27:$E$31,MATCH(Z59,Parámetros!$A$27:$A$31,0))) -> 2.6993404 | V59: Crane fórm. 6 (θ = 180°) con el paso del inserto + te 20·fT (paso) / 60·fT (derivación) | W59: 2.96 | X59: https://latiendadeljardin.com/es/piezas-de-polietileno/450-733-Te-igual-pe.html | Z59: TE | AA59: PE | AB59: =IF(COUNTIFS(Packs!$D$2:$D$70,A59,Packs!$F$2:$F$70,">0")=0,"",_xlfn.MINIFS(Packs!$F$2:$F$70,Packs!$D$2:$D$70,A59,Packs!$F$2:$F$70,">0")) -> 9.7375 | AC59: =COUNTIF(Packs!$D$2:$D$70,A59) -> 1
A60: PE-TI-63 | B60: Te igual PE | C60: 5420 | D60: tee | E60: Te de compresión igual | F60: Compresión ×3 | G60: 63 | H60: 63 | J60: 16 | K60: PP (cuerpo) · compresión para tubo PE | L60: =INDEX(Parámetros!$D$5:$D$12,MATCH(G60,Parámetros!$A$5:$A$12,0)) -> 51.4 | M60: =INDEX(Parámetros!$D$5:$D$12,MATCH(IF(H60="",G60,H60),Parámetros!$A$5:$A$12,0)) -> 51.4 | N60: =INDEX(Parámetros!$E$5:$E$12,MATCH(G60,Parámetros!$A$5:$A$12,0)) -> 45 | O60: =INDEX(Parámetros!$E$5:$E$12,MATCH(IF(H60="",G60,H60),Parámetros!$A$5:$A$12,0)) -> 45 | P60: =INDEX(Parámetros!$G$5:$G$12,MATCH(G60,Parámetros!$A$5:$A$12,0)) -> 0.019 | Q60: =IF(Z60="","",INDEX(Parámetros!$C$27:$C$31,MATCH(Z60,Parámetros!$A$27:$A$31,0))*P60) -> 0.38 | R60: =INDEX(Parámetros!$D$27:$D$31,MATCH(Z60,Parámetros!$A$27:$A$31,0))*P60 -> 1.14 | S60: =(Q60+0.5*(1-(N60/L60)^2)+(1-(N60/L60)^2)^2)*(L60/N60)^4+IF(Z60="",0,INDEX(Parámetros!$E$27:$E$31,MATCH(Z60,Parámetros!$A$27:$A$31,0))) -> 0.93839682 | T60: =(R60+0.5*(1-(O60/L60)^2)+(1-(O60/M60)^2)^2)*(M60/O60)^4+IF(Z60="",0,INDEX(Parámetros!$E$27:$E$31,MATCH(Z60,Parámetros!$A$27:$A$31,0))) -> 2.2320445 | V60: Crane fórm. 6 (θ = 180°) con el paso del inserto + te 20·fT (paso) / 60·fT (derivación) | W60: 2.96 | X60: https://latiendadeljardin.com/es/piezas-de-polietileno/450-733-Te-igual-pe.html | Z60: TE | AA60: PE | AB60: =IF(COUNTIFS(Packs!$D$2:$D$70,A60,Packs!$F$2:$F$70,">0")=0,"",_xlfn.MINIFS(Packs!$F$2:$F$70,Packs!$D$2:$D$70,A60,Packs!$F$2:$F$70,">0")) -> 11.4875 | AC60: =COUNTIF(Packs!$D$2:$D$70,A60) -> 1
A61: PE-TI-75 | B61: Te igual PE | C61: 5420 | D61: tee | E61: Te de compresión igual | F61: Compresión ×3 | G61: 75 | H61: 75 | J61: 16 | K61: PP (cuerpo) · compresión para tubo PE | L61: =INDEX(Parámetros!$D$5:$D$12,MATCH(G61,Parámetros!$A$5:$A$12,0)) -> 61.4 | M61: =INDEX(Parámetros!$D$5:$D$12,MATCH(IF(H61="",G61,H61),Parámetros!$A$5:$A$12,0)) -> 61.4 | N61: =INDEX(Parámetros!$E$5:$E$12,MATCH(G61,Parámetros!$A$5:$A$12,0)) -> 54 | O61: =INDEX(Parámetros!$E$5:$E$12,MATCH(IF(H61="",G61,H61),Parámetros!$A$5:$A$12,0)) -> 54 | P61: =INDEX(Parámetros!$G$5:$G$12,MATCH(G61,Parámetros!$A$5:$A$12,0)) -> 0.018 | Q61: =IF(Z61="","",INDEX(Parámetros!$C$27:$C$31,MATCH(Z61,Parámetros!$A$27:$A$31,0))*P61) -> 0.36 | R61: =INDEX(Parámetros!$D$27:$D$31,MATCH(Z61,Parámetros!$A$27:$A$31,0))*P61 -> 1.08 | S61: =(Q61+0.5*(1-(N61/L61)^2)+(1-(N61/L61)^2)^2)*(L61/N61)^4+IF(Z61="",0,INDEX(Parámetros!$E$27:$E$31,MATCH(Z61,Parámetros!$A$27:$A$31,0))) -> 0.87680013 | T61: =(R61+0.5*(1-(O61/L61)^2)+(1-(O61/M61)^2)^2)*(M61/O61)^4+IF(Z61="",0,INDEX(Parámetros!$E$27:$E$31,MATCH(Z61,Parámetros!$A$27:$A$31,0))) -> 2.0802581 | V61: Crane fórm. 6 (θ = 180°) con el paso del inserto + te 20·fT (paso) / 60·fT (derivación) | W61: 2.96 | X61: https://latiendadeljardin.com/es/piezas-de-polietileno/450-733-Te-igual-pe.html | Z61: TE | AA61: PE | AB61: =IF(COUNTIFS(Packs!$D$2:$D$70,A61,Packs!$F$2:$F$70,">0")=0,"",_xlfn.MINIFS(Packs!$F$2:$F$70,Packs!$D$2:$D$70,A61,Packs!$F$2:$F$70,">0")) -> 25.2375 | AC61: =COUNTIF(Packs!$D$2:$D$70,A61) -> 1
A62: PE-TI-90 | B62: Te igual PE | C62: 5420 | D62: tee | E62: Te de compresión igual | F62: Compresión ×3 | G62: 90 | H62: 90 | J62: 16 | K62: PP (cuerpo) · compresión para tubo PE | L62: =INDEX(Parámetros!$D$5:$D$12,MATCH(G62,Parámetros!$A$5:$A$12,0)) -> 73.6 | M62: =INDEX(Parámetros!$D$5:$D$12,MATCH(IF(H62="",G62,H62),Parámetros!$A$5:$A$12,0)) -> 73.6 | N62: =INDEX(Parámetros!$E$5:$E$12,MATCH(G62,Parámetros!$A$5:$A$12,0)) -> 66 | O62: =INDEX(Parámetros!$E$5:$E$12,MATCH(IF(H62="",G62,H62),Parámetros!$A$5:$A$12,0)) -> 66 | P62: =INDEX(Parámetros!$G$5:$G$12,MATCH(G62,Parámetros!$A$5:$A$12,0)) -> 0.018 | Q62: =IF(Z62="","",INDEX(Parámetros!$C$27:$C$31,MATCH(Z62,Parámetros!$A$27:$A$31,0))*P62) -> 0.36 | R62: =INDEX(Parámetros!$D$27:$D$31,MATCH(Z62,Parámetros!$A$27:$A$31,0))*P62 -> 1.08 | S62: =(Q62+0.5*(1-(N62/L62)^2)+(1-(N62/L62)^2)^2)*(L62/N62)^4+IF(Z62="",0,INDEX(Parámetros!$E$27:$E$31,MATCH(Z62,Parámetros!$A$27:$A$31,0))) -> 0.76748731 | T62: =(R62+0.5*(1-(O62/L62)^2)+(1-(O62/M62)^2)^2)*(M62/O62)^4+IF(Z62="",0,INDEX(Parámetros!$E$27:$E$31,MATCH(Z62,Parámetros!$A$27:$A$31,0))) -> 1.8809304 | V62: Crane fórm. 6 (θ = 180°) con el paso del inserto + te 20·fT (paso) / 60·fT (derivación) | W62: 2.96 | X62: https://latiendadeljardin.com/es/piezas-de-polietileno/450-733-Te-igual-pe.html | Z62: TE | AA62: PE | AB62: =IF(COUNTIFS(Packs!$D$2:$D$70,A62,Packs!$F$2:$F$70,">0")=0,"",_xlfn.MINIFS(Packs!$F$2:$F$70,Packs!$D$2:$D$70,A62,Packs!$F$2:$F$70,">0")) -> 37.2375 | AC62: =COUNTIF(Packs!$D$2:$D$70,A62) -> 1
A63: PE-TR-25x20 | B63: Te reducida PE | C63: 6125 | D63: tee | E63: Te de compresión con derivación reducida | F63: Compresión ×3 | G63: 25 | H63: 20 | J63: 16 | K63: PP (cuerpo) · compresión para tubo PE | L63: =INDEX(Parámetros!$D$5:$D$12,MATCH(G63,Parámetros!$A$5:$A$12,0)) -> 20.4 | M63: =INDEX(Parámetros!$D$5:$D$12,MATCH(IF(H63="",G63,H63),Parámetros!$A$5:$A$12,0)) -> 16 | N63: =INDEX(Parámetros!$E$5:$E$12,MATCH(G63,Parámetros!$A$5:$A$12,0)) -> 17 | O63: =INDEX(Parámetros!$E$5:$E$12,MATCH(IF(H63="",G63,H63),Parámetros!$A$5:$A$12,0)) -> 13 | P63: =INDEX(Parámetros!$G$5:$G$12,MATCH(G63,Parámetros!$A$5:$A$12,0)) -> 0.025 | Q63: =IF(Z63="","",INDEX(Parámetros!$C$27:$C$31,MATCH(Z63,Parámetros!$A$27:$A$31,0))*P63) -> 0.5 | R63: =INDEX(Parámetros!$D$27:$D$31,MATCH(Z63,Parámetros!$A$27:$A$31,0))*P63 -> 1.5 | S63: =(Q63+0.5*(1-(N63/L63)^2)+(1-(N63/L63)^2)^2)*(L63/N63)^4+IF(Z63="",0,INDEX(Parámetros!$E$27:$E$31,MATCH(Z63,Parámetros!$A$27:$A$31,0))) -> 1.5472 | T63: =(R63+0.5*(1-(O63/L63)^2)+(1-(O63/M63)^2)^2)*(M63/O63)^4+IF(Z63="",0,INDEX(Parámetros!$E$27:$E$31,MATCH(Z63,Parámetros!$A$27:$A$31,0))) -> 4.3882959 | V63: Crane fórm. 6 (θ = 180°) con el paso del inserto + te 20·fT (paso) / 60·fT (derivación) | W63: 5.25 | X63: https://latiendadeljardin.com/es/piezas-de-polietileno/451-740-te-reducida-pe.html | Z63: TE | AA63: PE | AB63: =IF(COUNTIFS(Packs!$D$2:$D$70,A63,Packs!$F$2:$F$70,">0")=0,"",_xlfn.MINIFS(Packs!$F$2:$F$70,Packs!$D$2:$D$70,A63,Packs!$F$2:$F$70,">0")) | AC63: =COUNTIF(Packs!$D$2:$D$70,A63) -> 0
A64: PE-TR-32x25 | B64: Te reducida PE | C64: 6125 | D64: tee | E64: Te de compresión con derivación reducida | F64: Compresión ×3 | G64: 32 | H64: 25 | J64: 16 | K64: PP (cuerpo) · compresión para tubo PE | L64: =INDEX(Parámetros!$D$5:$D$12,MATCH(G64,Parámetros!$A$5:$A$12,0)) -> 26.2 | M64: =INDEX(Parámetros!$D$5:$D$12,MATCH(IF(H64="",G64,H64),Parámetros!$A$5:$A$12,0)) -> 20.4 | N64: =INDEX(Parámetros!$E$5:$E$12,MATCH(G64,Parámetros!$A$5:$A$12,0)) -> 22 | O64: =INDEX(Parámetros!$E$5:$E$12,MATCH(IF(H64="",G64,H64),Parámetros!$A$5:$A$12,0)) -> 17 | P64: =INDEX(Parámetros!$G$5:$G$12,MATCH(G64,Parámetros!$A$5:$A$12,0)) -> 0.023 | Q64: =IF(Z64="","",INDEX(Parámetros!$C$27:$C$31,MATCH(Z64,Parámetros!$A$27:$A$31,0))*P64) -> 0.46 | R64: =INDEX(Parámetros!$D$27:$D$31,MATCH(Z64,Parámetros!$A$27:$A$31,0))*P64 -> 1.38 | S64: =(Q64+0.5*(1-(N64/L64)^2)+(1-(N64/L64)^2)^2)*(L64/N64)^4+IF(Z64="",0,INDEX(Parámetros!$E$27:$E$31,MATCH(Z64,Parámetros!$A$27:$A$31,0))) -> 1.3968281 | T64: =(R64+0.5*(1-(O64/L64)^2)+(1-(O64/M64)^2)^2)*(M64/O64)^4+IF(Z64="",0,INDEX(Parámetros!$E$27:$E$31,MATCH(Z64,Parámetros!$A$27:$A$31,0))) -> 3.655462 | V64: Crane fórm. 6 (θ = 180°) con el paso del inserto + te 20·fT (paso) / 60·fT (derivación) | W64: 5.25 | X64: https://latiendadeljardin.com/es/piezas-de-polietileno/451-740-te-reducida-pe.html | Z64: TE | AA64: PE | AB64: =IF(COUNTIFS(Packs!$D$2:$D$70,A64,Packs!$F$2:$F$70,">0")=0,"",_xlfn.MINIFS(Packs!$F$2:$F$70,Packs!$D$2:$D$70,A64,Packs!$F$2:$F$70,">0")) | AC64: =COUNTIF(Packs!$D$2:$D$70,A64) -> 0
A65: PE-TR-40x32 | B65: Te reducida PE | C65: 6125 | D65: tee | E65: Te de compresión con derivación reducida | F65: Compresión ×3 | G65: 40 | H65: 32 | J65: 16 | K65: PP (cuerpo) · compresión para tubo PE | L65: =INDEX(Parámetros!$D$5:$D$12,MATCH(G65,Parámetros!$A$5:$A$12,0)) -> 32.6 | M65: =INDEX(Parámetros!$D$5:$D$12,MATCH(IF(H65="",G65,H65),Parámetros!$A$5:$A$12,0)) -> 26.2 | N65: =INDEX(Parámetros!$E$5:$E$12,MATCH(G65,Parámetros!$A$5:$A$12,0)) -> 28 | O65: =INDEX(Parámetros!$E$5:$E$12,MATCH(IF(H65="",G65,H65),Parámetros!$A$5:$A$12,0)) -> 22 | P65: =INDEX(Parámetros!$G$5:$G$12,MATCH(G65,Parámetros!$A$5:$A$12,0)) -> 0.022 | Q65: =IF(Z65="","",INDEX(Parámetros!$C$27:$C$31,MATCH(Z65,Parámetros!$A$27:$A$31,0))*P65) -> 0.44 | R65: =INDEX(Parámetros!$D$27:$D$31,MATCH(Z65,Parámetros!$A$27:$A$31,0))*P65 -> 1.32 | S65: =(Q65+0.5*(1-(N65/L65)^2)+(1-(N65/L65)^2)^2)*(L65/N65)^4+IF(Z65="",0,INDEX(Parámetros!$E$27:$E$31,MATCH(Z65,Parámetros!$A$27:$A$31,0))) -> 1.1759366 | T65: =(R65+0.5*(1-(O65/L65)^2)+(1-(O65/M65)^2)^2)*(M65/O65)^4+IF(Z65="",0,INDEX(Parámetros!$E$27:$E$31,MATCH(Z65,Parámetros!$A$27:$A$31,0))) -> 3.3777973 | V65: Crane fórm. 6 (θ = 180°) con el paso del inserto + te 20·fT (paso) / 60·fT (derivación) | W65: 5.25 | X65: https://latiendadeljardin.com/es/piezas-de-polietileno/451-740-te-reducida-pe.html | Z65: TE | AA65: PE | AB65: =IF(COUNTIFS(Packs!$D$2:$D$70,A65,Packs!$F$2:$F$70,">0")=0,"",_xlfn.MINIFS(Packs!$F$2:$F$70,Packs!$D$2:$D$70,A65,Packs!$F$2:$F$70,">0")) | AC65: =COUNTIF(Packs!$D$2:$D$70,A65) -> 0
A66: PE-TR-50x40 | B66: Te reducida PE | C66: 6125 | D66: tee | E66: Te de compresión con derivación reducida | F66: Compresión ×3 | G66: 50 | H66: 40 | J66: 16 | K66: PP (cuerpo) · compresión para tubo PE | L66: =INDEX(Parámetros!$D$5:$D$12,MATCH(G66,Parámetros!$A$5:$A$12,0)) -> 40.8 | M66: =INDEX(Parámetros!$D$5:$D$12,MATCH(IF(H66="",G66,H66),Parámetros!$A$5:$A$12,0)) -> 32.6 | N66: =INDEX(Parámetros!$E$5:$E$12,MATCH(G66,Parámetros!$A$5:$A$12,0)) -> 35 | O66: =INDEX(Parámetros!$E$5:$E$12,MATCH(IF(H66="",G66,H66),Parámetros!$A$5:$A$12,0)) -> 28 | P66: =INDEX(Parámetros!$G$5:$G$12,MATCH(G66,Parámetros!$A$5:$A$12,0)) -> 0.021 | Q66: =IF(Z66="","",INDEX(Parámetros!$C$27:$C$31,MATCH(Z66,Parámetros!$A$27:$A$31,0))*P66) -> 0.42 | R66: =INDEX(Parámetros!$D$27:$D$31,MATCH(Z66,Parámetros!$A$27:$A$31,0))*P66 -> 1.26 | S66: =(Q66+0.5*(1-(N66/L66)^2)+(1-(N66/L66)^2)^2)*(L66/N66)^4+IF(Z66="",0,INDEX(Parámetros!$E$27:$E$31,MATCH(Z66,Parámetros!$A$27:$A$31,0))) -> 1.1482119 | T66: =(R66+0.5*(1-(O66/L66)^2)+(1-(O66/M66)^2)^2)*(M66/O66)^4+IF(Z66="",0,INDEX(Parámetros!$E$27:$E$31,MATCH(Z66,Parámetros!$A$27:$A$31,0))) -> 2.9277881 | V66: Crane fórm. 6 (θ = 180°) con el paso del inserto + te 20·fT (paso) / 60·fT (derivación) | W66: 5.25 | X66: https://latiendadeljardin.com/es/piezas-de-polietileno/451-740-te-reducida-pe.html | Z66: TE | AA66: PE | AB66: =IF(COUNTIFS(Packs!$D$2:$D$70,A66,Packs!$F$2:$F$70,">0")=0,"",_xlfn.MINIFS(Packs!$F$2:$F$70,Packs!$D$2:$D$70,A66,Packs!$F$2:$F$70,">0")) | AC66: =COUNTIF(Packs!$D$2:$D$70,A66) -> 0
A67: PE-TR-63x50 | B67: Te reducida PE | C67: 6125 | D67: tee | E67: Te de compresión con derivación reducida | F67: Compresión ×3 | G67: 63 | H67: 50 | J67: 16 | K67: PP (cuerpo) · compresión para tubo PE | L67: =INDEX(Parámetros!$D$5:$D$12,MATCH(G67,Parámetros!$A$5:$A$12,0)) -> 51.4 | M67: =INDEX(Parámetros!$D$5:$D$12,MATCH(IF(H67="",G67,H67),Parámetros!$A$5:$A$12,0)) -> 40.8 | N67: =INDEX(Parámetros!$E$5:$E$12,MATCH(G67,Parámetros!$A$5:$A$12,0)) -> 45 | O67: =INDEX(Parámetros!$E$5:$E$12,MATCH(IF(H67="",G67,H67),Parámetros!$A$5:$A$12,0)) -> 35 | P67: =INDEX(Parámetros!$G$5:$G$12,MATCH(G67,Parámetros!$A$5:$A$12,0)) -> 0.019 | Q67: =IF(Z67="","",INDEX(Parámetros!$C$27:$C$31,MATCH(Z67,Parámetros!$A$27:$A$31,0))*P67) -> 0.38 | R67: =INDEX(Parámetros!$D$27:$D$31,MATCH(Z67,Parámetros!$A$27:$A$31,0))*P67 -> 1.14 | S67: =(Q67+0.5*(1-(N67/L67)^2)+(1-(N67/L67)^2)^2)*(L67/N67)^4+IF(Z67="",0,INDEX(Parámetros!$E$27:$E$31,MATCH(Z67,Parámetros!$A$27:$A$31,0))) -> 0.93839682 | T67: =(R67+0.5*(1-(O67/L67)^2)+(1-(O67/M67)^2)^2)*(M67/O67)^4+IF(Z67="",0,INDEX(Parámetros!$E$27:$E$31,MATCH(Z67,Parámetros!$A$27:$A$31,0))) -> 2.7290925 | V67: Crane fórm. 6 (θ = 180°) con el paso del inserto + te 20·fT (paso) / 60·fT (derivación) | W67: 5.25 | X67: https://latiendadeljardin.com/es/piezas-de-polietileno/451-740-te-reducida-pe.html | Z67: TE | AA67: PE | AB67: =IF(COUNTIFS(Packs!$D$2:$D$70,A67,Packs!$F$2:$F$70,">0")=0,"",_xlfn.MINIFS(Packs!$F$2:$F$70,Packs!$D$2:$D$70,A67,Packs!$F$2:$F$70,">0")) | AC67: =COUNTIF(Packs!$D$2:$D$70,A67) -> 0
A68: PE-TH-20 | B68: Te rosca hembra PE | C68: 5520 | D68: tee | E68: Te compresión × derivación rosca hembra | F68: Compresión × compresión × rosca H | G68: 20 | H68: 20 | I68: 1/2" | J68: 16 | K68: PP (cuerpo) · compresión para tubo PE | L68: =INDEX(Parámetros!$D$5:$D$12,MATCH(G68,Parámetros!$A$5:$A$12,0)) -> 16 | M68: =INDEX(Parámetros!$D$5:$D$12,MATCH(IF(H68="",G68,H68),Parámetros!$A$5:$A$12,0)) -> 16 | N68: =INDEX(Parámetros!$E$5:$E$12,MATCH(G68,Parámetros!$A$5:$A$12,0)) -> 13 | O68: =INDEX(Parámetros!$E$5:$E$12,MATCH(IF(H68="",G68,H68),Parámetros!$A$5:$A$12,0)) -> 13 | P68: =INDEX(Parámetros!$G$5:$G$12,MATCH(G68,Parámetros!$A$5:$A$12,0)) -> 0.027 | Q68: =IF(Z68="","",INDEX(Parámetros!$C$27:$C$31,MATCH(Z68,Parámetros!$A$27:$A$31,0))*P68) -> 0.54 | R68: =INDEX(Parámetros!$D$27:$D$31,MATCH(Z68,Parámetros!$A$27:$A$31,0))*P68 -> 1.62 | S68: =(Q68+0.5*(1-(N68/L68)^2)+(1-(N68/L68)^2)^2)*(L68/N68)^4+IF(Z68="",0,INDEX(Parámetros!$E$27:$E$31,MATCH(Z68,Parámetros!$A$27:$A$31,0))) -> 1.8939967 | T68: =(R68+0.5*(1-(O68/L68)^2)+(1-(O68/M68)^2)^2)*(M68/O68)^4+IF(Z68="",0,INDEX(Parámetros!$E$27:$E$31,MATCH(Z68,Parámetros!$A$27:$A$31,0))) -> 4.372162 | V68: Crane fórm. 6 (θ = 180°) con el paso del inserto + te 20·fT (paso) / 60·fT (derivación) | W68: 2.62 | X68: https://latiendadeljardin.com/es/piezas-de-polietileno/452-748-Te-hembra-pe.html | Y68: Derivación roscada: se toma el mismo paso. Rosca equivalente supuesta | Z68: TE | AA68: PE | AB68: =IF(COUNTIFS(Packs!$D$2:$D$70,A68,Packs!$F$2:$F$70,">0")=0,"",_xlfn.MINIFS(Packs!$F$2:$F$70,Packs!$D$2:$D$70,A68,Packs!$F$2:$F$70,">0")) -> 2.7375 | AC68: =COUNTIF(Packs!$D$2:$D$70,A68) -> 1
A69: PE-TH-25 | B69: Te rosca hembra PE | C69: 5520 | D69: tee | E69: Te compresión × derivación rosca hembra | F69: Compresión × compresión × rosca H | G69: 25 | H69: 25 | I69: 3/4" | J69: 16 | K69: PP (cuerpo) · compresión para tubo PE | L69: =INDEX(Parámetros!$D$5:$D$12,MATCH(G69,Parámetros!$A$5:$A$12,0)) -> 20.4 | M69: =INDEX(Parámetros!$D$5:$D$12,MATCH(IF(H69="",G69,H69),Parámetros!$A$5:$A$12,0)) -> 20.4 | N69: =INDEX(Parámetros!$E$5:$E$12,MATCH(G69,Parámetros!$A$5:$A$12,0)) -> 17 | O69: =INDEX(Parámetros!$E$5:$E$12,MATCH(IF(H69="",G69,H69),Parámetros!$A$5:$A$12,0)) -> 17 | P69: =INDEX(Parámetros!$G$5:$G$12,MATCH(G69,Parámetros!$A$5:$A$12,0)) -> 0.025 | Q69: =IF(Z69="","",INDEX(Parámetros!$C$27:$C$31,MATCH(Z69,Parámetros!$A$27:$A$31,0))*P69) -> 0.5 | R69: =INDEX(Parámetros!$D$27:$D$31,MATCH(Z69,Parámetros!$A$27:$A$31,0))*P69 -> 1.5 | S69: =(Q69+0.5*(1-(N69/L69)^2)+(1-(N69/L69)^2)^2)*(L69/N69)^4+IF(Z69="",0,INDEX(Parámetros!$E$27:$E$31,MATCH(Z69,Parámetros!$A$27:$A$31,0))) -> 1.5472 | T69: =(R69+0.5*(1-(O69/L69)^2)+(1-(O69/M69)^2)^2)*(M69/O69)^4+IF(Z69="",0,INDEX(Parámetros!$E$27:$E$31,MATCH(Z69,Parámetros!$A$27:$A$31,0))) -> 3.6208 | V69: Crane fórm. 6 (θ = 180°) con el paso del inserto + te 20·fT (paso) / 60·fT (derivación) | W69: 2.62 | X69: https://latiendadeljardin.com/es/piezas-de-polietileno/452-748-Te-hembra-pe.html | Y69: Derivación roscada: se toma el mismo paso. Rosca equivalente supuesta | Z69: TE | AA69: PE | AB69: =IF(COUNTIFS(Packs!$D$2:$D$70,A69,Packs!$F$2:$F$70,">0")=0,"",_xlfn.MINIFS(Packs!$F$2:$F$70,Packs!$D$2:$D$70,A69,Packs!$F$2:$F$70,">0")) -> 3.4875 | AC69: =COUNTIF(Packs!$D$2:$D$70,A69) -> 1
A70: PE-TH-32 | B70: Te rosca hembra PE | C70: 5520 | D70: tee | E70: Te compresión × derivación rosca hembra | F70: Compresión × compresión × rosca H | G70: 32 | H70: 32 | I70: 1" | J70: 16 | K70: PP (cuerpo) · compresión para tubo PE | L70: =INDEX(Parámetros!$D$5:$D$12,MATCH(G70,Parámetros!$A$5:$A$12,0)) -> 26.2 | M70: =INDEX(Parámetros!$D$5:$D$12,MATCH(IF(H70="",G70,H70),Parámetros!$A$5:$A$12,0)) -> 26.2 | N70: =INDEX(Parámetros!$E$5:$E$12,MATCH(G70,Parámetros!$A$5:$A$12,0)) -> 22 | O70: =INDEX(Parámetros!$E$5:$E$12,MATCH(IF(H70="",G70,H70),Parámetros!$A$5:$A$12,0)) -> 22 | P70: =INDEX(Parámetros!$G$5:$G$12,MATCH(G70,Parámetros!$A$5:$A$12,0)) -> 0.023 | Q70: =IF(Z70="","",INDEX(Parámetros!$C$27:$C$31,MATCH(Z70,Parámetros!$A$27:$A$31,0))*P70) -> 0.46 | R70: =INDEX(Parámetros!$D$27:$D$31,MATCH(Z70,Parámetros!$A$27:$A$31,0))*P70 -> 1.38 | S70: =(Q70+0.5*(1-(N70/L70)^2)+(1-(N70/L70)^2)^2)*(L70/N70)^4+IF(Z70="",0,INDEX(Parámetros!$E$27:$E$31,MATCH(Z70,Parámetros!$A$27:$A$31,0))) -> 1.3968281 | T70: =(R70+0.5*(1-(O70/L70)^2)+(1-(O70/M70)^2)^2)*(M70/O70)^4+IF(Z70="",0,INDEX(Parámetros!$E$27:$E$31,MATCH(Z70,Parámetros!$A$27:$A$31,0))) -> 3.2473842 | V70: Crane fórm. 6 (θ = 180°) con el paso del inserto + te 20·fT (paso) / 60·fT (derivación) | W70: 2.62 | X70: https://latiendadeljardin.com/es/piezas-de-polietileno/452-748-Te-hembra-pe.html | Y70: Derivación roscada: se toma el mismo paso. Rosca equivalente supuesta | Z70: TE | AA70: PE | AB70: =IF(COUNTIFS(Packs!$D$2:$D$70,A70,Packs!$F$2:$F$70,">0")=0,"",_xlfn.MINIFS(Packs!$F$2:$F$70,Packs!$D$2:$D$70,A70,Packs!$F$2:$F$70,">0")) -> 4.2375 | AC70: =COUNTIF(Packs!$D$2:$D$70,A70) -> 1
A71: PE-TH-40 | B71: Te rosca hembra PE | C71: 5520 | D71: tee | E71: Te compresión × derivación rosca hembra | F71: Compresión × compresión × rosca H | G71: 40 | H71: 40 | I71: 1 1/4" | J71: 16 | K71: PP (cuerpo) · compresión para tubo PE | L71: =INDEX(Parámetros!$D$5:$D$12,MATCH(G71,Parámetros!$A$5:$A$12,0)) -> 32.6 | M71: =INDEX(Parámetros!$D$5:$D$12,MATCH(IF(H71="",G71,H71),Parámetros!$A$5:$A$12,0)) -> 32.6 | N71: =INDEX(Parámetros!$E$5:$E$12,MATCH(G71,Parámetros!$A$5:$A$12,0)) -> 28 | O71: =INDEX(Parámetros!$E$5:$E$12,MATCH(IF(H71="",G71,H71),Parámetros!$A$5:$A$12,0)) -> 28 | P71: =INDEX(Parámetros!$G$5:$G$12,MATCH(G71,Parámetros!$A$5:$A$12,0)) -> 0.022 | Q71: =IF(Z71="","",INDEX(Parámetros!$C$27:$C$31,MATCH(Z71,Parámetros!$A$27:$A$31,0))*P71) -> 0.44 | R71: =INDEX(Parámetros!$D$27:$D$31,MATCH(Z71,Parámetros!$A$27:$A$31,0))*P71 -> 1.32 | S71: =(Q71+0.5*(1-(N71/L71)^2)+(1-(N71/L71)^2)^2)*(L71/N71)^4+IF(Z71="",0,INDEX(Parámetros!$E$27:$E$31,MATCH(Z71,Parámetros!$A$27:$A$31,0))) -> 1.1759366 | T71: =(R71+0.5*(1-(O71/L71)^2)+(1-(O71/M71)^2)^2)*(M71/O71)^4+IF(Z71="",0,INDEX(Parámetros!$E$27:$E$31,MATCH(Z71,Parámetros!$A$27:$A$31,0))) -> 2.7929773 | V71: Crane fórm. 6 (θ = 180°) con el paso del inserto + te 20·fT (paso) / 60·fT (derivación) | W71: 2.62 | X71: https://latiendadeljardin.com/es/piezas-de-polietileno/452-748-Te-hembra-pe.html | Y71: Derivación roscada: se toma el mismo paso. Rosca equivalente supuesta | Z71: TE | AA71: PE | AB71: =IF(COUNTIFS(Packs!$D$2:$D$70,A71,Packs!$F$2:$F$70,">0")=0,"",_xlfn.MINIFS(Packs!$F$2:$F$70,Packs!$D$2:$D$70,A71,Packs!$F$2:$F$70,">0")) -> 6.2375 | AC71: =COUNTIF(Packs!$D$2:$D$70,A71) -> 1
A72: PE-TH-50 | B72: Te rosca hembra PE | C72: 5520 | D72: tee | E72: Te compresión × derivación rosca hembra | F72: Compresión × compresión × rosca H | G72: 50 | H72: 50 | I72: 1 1/2" | J72: 16 | K72: PP (cuerpo) · compresión para tubo PE | L72: =INDEX(Parámetros!$D$5:$D$12,MATCH(G72,Parámetros!$A$5:$A$12,0)) -> 40.8 | M72: =INDEX(Parámetros!$D$5:$D$12,MATCH(IF(H72="",G72,H72),Parámetros!$A$5:$A$12,0)) -> 40.8 | N72: =INDEX(Parámetros!$E$5:$E$12,MATCH(G72,Parámetros!$A$5:$A$12,0)) -> 35 | O72: =INDEX(Parámetros!$E$5:$E$12,MATCH(IF(H72="",G72,H72),Parámetros!$A$5:$A$12,0)) -> 35 | P72: =INDEX(Parámetros!$G$5:$G$12,MATCH(G72,Parámetros!$A$5:$A$12,0)) -> 0.021 | Q72: =IF(Z72="","",INDEX(Parámetros!$C$27:$C$31,MATCH(Z72,Parámetros!$A$27:$A$31,0))*P72) -> 0.42 | R72: =INDEX(Parámetros!$D$27:$D$31,MATCH(Z72,Parámetros!$A$27:$A$31,0))*P72 -> 1.26 | S72: =(Q72+0.5*(1-(N72/L72)^2)+(1-(N72/L72)^2)^2)*(L72/N72)^4+IF(Z72="",0,INDEX(Parámetros!$E$27:$E$31,MATCH(Z72,Parámetros!$A$27:$A$31,0))) -> 1.1482119 | T72: =(R72+0.5*(1-(O72/L72)^2)+(1-(O72/M72)^2)^2)*(M72/O72)^4+IF(Z72="",0,INDEX(Parámetros!$E$27:$E$31,MATCH(Z72,Parámetros!$A$27:$A$31,0))) -> 2.6993404 | V72: Crane fórm. 6 (θ = 180°) con el paso del inserto + te 20·fT (paso) / 60·fT (derivación) | W72: 2.62 | X72: https://latiendadeljardin.com/es/piezas-de-polietileno/452-748-Te-hembra-pe.html | Y72: Derivación roscada: se toma el mismo paso. Rosca equivalente supuesta | Z72: TE | AA72: PE | AB72: =IF(COUNTIFS(Packs!$D$2:$D$70,A72,Packs!$F$2:$F$70,">0")=0,"",_xlfn.MINIFS(Packs!$F$2:$F$70,Packs!$D$2:$D$70,A72,Packs!$F$2:$F$70,">0")) -> 7.7375 | AC72: =COUNTIF(Packs!$D$2:$D$70,A72) -> 1
A73: PE-TH-63 | B73: Te rosca hembra PE | C73: 5520 | D73: tee | E73: Te compresión × derivación rosca hembra | F73: Compresión × compresión × rosca H | G73: 63 | H73: 63 | I73: 2" | J73: 16 | K73: PP (cuerpo) · compresión para tubo PE | L73: =INDEX(Parámetros!$D$5:$D$12,MATCH(G73,Parámetros!$A$5:$A$12,0)) -> 51.4 | M73: =INDEX(Parámetros!$D$5:$D$12,MATCH(IF(H73="",G73,H73),Parámetros!$A$5:$A$12,0)) -> 51.4 | N73: =INDEX(Parámetros!$E$5:$E$12,MATCH(G73,Parámetros!$A$5:$A$12,0)) -> 45 | O73: =INDEX(Parámetros!$E$5:$E$12,MATCH(IF(H73="",G73,H73),Parámetros!$A$5:$A$12,0)) -> 45 | P73: =INDEX(Parámetros!$G$5:$G$12,MATCH(G73,Parámetros!$A$5:$A$12,0)) -> 0.019 | Q73: =IF(Z73="","",INDEX(Parámetros!$C$27:$C$31,MATCH(Z73,Parámetros!$A$27:$A$31,0))*P73) -> 0.38 | R73: =INDEX(Parámetros!$D$27:$D$31,MATCH(Z73,Parámetros!$A$27:$A$31,0))*P73 -> 1.14 | S73: =(Q73+0.5*(1-(N73/L73)^2)+(1-(N73/L73)^2)^2)*(L73/N73)^4+IF(Z73="",0,INDEX(Parámetros!$E$27:$E$31,MATCH(Z73,Parámetros!$A$27:$A$31,0))) -> 0.93839682 | T73: =(R73+0.5*(1-(O73/L73)^2)+(1-(O73/M73)^2)^2)*(M73/O73)^4+IF(Z73="",0,INDEX(Parámetros!$E$27:$E$31,MATCH(Z73,Parámetros!$A$27:$A$31,0))) -> 2.2320445 | V73: Crane fórm. 6 (θ = 180°) con el paso del inserto + te 20·fT (paso) / 60·fT (derivación) | W73: 2.62 | X73: https://latiendadeljardin.com/es/piezas-de-polietileno/452-748-Te-hembra-pe.html | Y73: Derivación roscada: se toma el mismo paso. Rosca equivalente supuesta | Z73: TE | AA73: PE | AB73: =IF(COUNTIFS(Packs!$D$2:$D$70,A73,Packs!$F$2:$F$70,">0")=0,"",_xlfn.MINIFS(Packs!$F$2:$F$70,Packs!$D$2:$D$70,A73,Packs!$F$2:$F$70,">0")) -> 10.9875 | AC73: =COUNTIF(Packs!$D$2:$D$70,A73) -> 1
A74: PE-TH-75 | B74: Te rosca hembra PE | C74: 5520 | D74: tee | E74: Te compresión × derivación rosca hembra | F74: Compresión × compresión × rosca H | G74: 75 | H74: 75 | I74: 2 1/2" | J74: 16 | K74: PP (cuerpo) · compresión para tubo PE | L74: =INDEX(Parámetros!$D$5:$D$12,MATCH(G74,Parámetros!$A$5:$A$12,0)) -> 61.4 | M74: =INDEX(Parámetros!$D$5:$D$12,MATCH(IF(H74="",G74,H74),Parámetros!$A$5:$A$12,0)) -> 61.4 | N74: =INDEX(Parámetros!$E$5:$E$12,MATCH(G74,Parámetros!$A$5:$A$12,0)) -> 54 | O74: =INDEX(Parámetros!$E$5:$E$12,MATCH(IF(H74="",G74,H74),Parámetros!$A$5:$A$12,0)) -> 54 | P74: =INDEX(Parámetros!$G$5:$G$12,MATCH(G74,Parámetros!$A$5:$A$12,0)) -> 0.018 | Q74: =IF(Z74="","",INDEX(Parámetros!$C$27:$C$31,MATCH(Z74,Parámetros!$A$27:$A$31,0))*P74) -> 0.36 | R74: =INDEX(Parámetros!$D$27:$D$31,MATCH(Z74,Parámetros!$A$27:$A$31,0))*P74 -> 1.08 | S74: =(Q74+0.5*(1-(N74/L74)^2)+(1-(N74/L74)^2)^2)*(L74/N74)^4+IF(Z74="",0,INDEX(Parámetros!$E$27:$E$31,MATCH(Z74,Parámetros!$A$27:$A$31,0))) -> 0.87680013 | T74: =(R74+0.5*(1-(O74/L74)^2)+(1-(O74/M74)^2)^2)*(M74/O74)^4+IF(Z74="",0,INDEX(Parámetros!$E$27:$E$31,MATCH(Z74,Parámetros!$A$27:$A$31,0))) -> 2.0802581 | V74: Crane fórm. 6 (θ = 180°) con el paso del inserto + te 20·fT (paso) / 60·fT (derivación) | W74: 2.62 | X74: https://latiendadeljardin.com/es/piezas-de-polietileno/452-748-Te-hembra-pe.html | Y74: Derivación roscada: se toma el mismo paso. Rosca equivalente supuesta | Z74: TE | AA74: PE | AB74: =IF(COUNTIFS(Packs!$D$2:$D$70,A74,Packs!$F$2:$F$70,">0")=0,"",_xlfn.MINIFS(Packs!$F$2:$F$70,Packs!$D$2:$D$70,A74,Packs!$F$2:$F$70,">0")) -> 37.9875 | AC74: =COUNTIF(Packs!$D$2:$D$70,A74) -> 1
A75: PE-TH-90 | B75: Te rosca hembra PE | C75: 5520 | D75: tee | E75: Te compresión × derivación rosca hembra | F75: Compresión × compresión × rosca H | G75: 90 | H75: 90 | I75: 3" | J75: 16 | K75: PP (cuerpo) · compresión para tubo PE | L75: =INDEX(Parámetros!$D$5:$D$12,MATCH(G75,Parámetros!$A$5:$A$12,0)) -> 73.6 | M75: =INDEX(Parámetros!$D$5:$D$12,MATCH(IF(H75="",G75,H75),Parámetros!$A$5:$A$12,0)) -> 73.6 | N75: =INDEX(Parámetros!$E$5:$E$12,MATCH(G75,Parámetros!$A$5:$A$12,0)) -> 66 | O75: =INDEX(Parámetros!$E$5:$E$12,MATCH(IF(H75="",G75,H75),Parámetros!$A$5:$A$12,0)) -> 66 | P75: =INDEX(Parámetros!$G$5:$G$12,MATCH(G75,Parámetros!$A$5:$A$12,0)) -> 0.018 | Q75: =IF(Z75="","",INDEX(Parámetros!$C$27:$C$31,MATCH(Z75,Parámetros!$A$27:$A$31,0))*P75) -> 0.36 | R75: =INDEX(Parámetros!$D$27:$D$31,MATCH(Z75,Parámetros!$A$27:$A$31,0))*P75 -> 1.08 | S75: =(Q75+0.5*(1-(N75/L75)^2)+(1-(N75/L75)^2)^2)*(L75/N75)^4+IF(Z75="",0,INDEX(Parámetros!$E$27:$E$31,MATCH(Z75,Parámetros!$A$27:$A$31,0))) -> 0.76748731 | T75: =(R75+0.5*(1-(O75/L75)^2)+(1-(O75/M75)^2)^2)*(M75/O75)^4+IF(Z75="",0,INDEX(Parámetros!$E$27:$E$31,MATCH(Z75,Parámetros!$A$27:$A$31,0))) -> 1.8809304 | V75: Crane fórm. 6 (θ = 180°) con el paso del inserto + te 20·fT (paso) / 60·fT (derivación) | W75: 2.62 | X75: https://latiendadeljardin.com/es/piezas-de-polietileno/452-748-Te-hembra-pe.html | Y75: Derivación roscada: se toma el mismo paso. Rosca equivalente supuesta | Z75: TE | AA75: PE | AB75: =IF(COUNTIFS(Packs!$D$2:$D$70,A75,Packs!$F$2:$F$70,">0")=0,"",_xlfn.MINIFS(Packs!$F$2:$F$70,Packs!$D$2:$D$70,A75,Packs!$F$2:$F$70,">0")) -> 33.9875 | AC75: =COUNTIF(Packs!$D$2:$D$70,A75) -> 1
A76: PE-TM-20 | B76: Te rosca macho PE | C76: 6220 | D76: tee | E76: Te compresión × derivación rosca macho | F76: Compresión × compresión × rosca M | G76: 20 | H76: 20 | I76: 1/2" | J76: 16 | K76: PP (cuerpo) · compresión para tubo PE | L76: =INDEX(Parámetros!$D$5:$D$12,MATCH(G76,Parámetros!$A$5:$A$12,0)) -> 16 | M76: =INDEX(Parámetros!$D$5:$D$12,MATCH(IF(H76="",G76,H76),Parámetros!$A$5:$A$12,0)) -> 16 | N76: =INDEX(Parámetros!$E$5:$E$12,MATCH(G76,Parámetros!$A$5:$A$12,0)) -> 13 | O76: =INDEX(Parámetros!$E$5:$E$12,MATCH(IF(H76="",G76,H76),Parámetros!$A$5:$A$12,0)) -> 13 | P76: =INDEX(Parámetros!$G$5:$G$12,MATCH(G76,Parámetros!$A$5:$A$12,0)) -> 0.027 | Q76: =IF(Z76="","",INDEX(Parámetros!$C$27:$C$31,MATCH(Z76,Parámetros!$A$27:$A$31,0))*P76) -> 0.54 | R76: =INDEX(Parámetros!$D$27:$D$31,MATCH(Z76,Parámetros!$A$27:$A$31,0))*P76 -> 1.62 | S76: =(Q76+0.5*(1-(N76/L76)^2)+(1-(N76/L76)^2)^2)*(L76/N76)^4+IF(Z76="",0,INDEX(Parámetros!$E$27:$E$31,MATCH(Z76,Parámetros!$A$27:$A$31,0))) -> 1.8939967 | T76: =(R76+0.5*(1-(O76/L76)^2)+(1-(O76/M76)^2)^2)*(M76/O76)^4+IF(Z76="",0,INDEX(Parámetros!$E$27:$E$31,MATCH(Z76,Parámetros!$A$27:$A$31,0))) -> 4.372162 | V76: Crane fórm. 6 (θ = 180°) con el paso del inserto + te 20·fT (paso) / 60·fT (derivación) | W76: 3.97 | X76: https://latiendadeljardin.com/es/piezas-de-polietileno/453-756-Te-macho-pe.html | Y76: AENOR según la tienda. Rosca equivalente supuesta. Solo hasta 63 mm | Z76: TE | AA76: PE | AB76: =IF(COUNTIFS(Packs!$D$2:$D$70,A76,Packs!$F$2:$F$70,">0")=0,"",_xlfn.MINIFS(Packs!$F$2:$F$70,Packs!$D$2:$D$70,A76,Packs!$F$2:$F$70,">0")) | AC76: =COUNTIF(Packs!$D$2:$D$70,A76) -> 0
A77: PE-TM-25 | B77: Te rosca macho PE | C77: 6220 | D77: tee | E77: Te compresión × derivación rosca macho | F77: Compresión × compresión × rosca M | G77: 25 | H77: 25 | I77: 3/4" | J77: 16 | K77: PP (cuerpo) · compresión para tubo PE | L77: =INDEX(Parámetros!$D$5:$D$12,MATCH(G77,Parámetros!$A$5:$A$12,0)) -> 20.4 | M77: =INDEX(Parámetros!$D$5:$D$12,MATCH(IF(H77="",G77,H77),Parámetros!$A$5:$A$12,0)) -> 20.4 | N77: =INDEX(Parámetros!$E$5:$E$12,MATCH(G77,Parámetros!$A$5:$A$12,0)) -> 17 | O77: =INDEX(Parámetros!$E$5:$E$12,MATCH(IF(H77="",G77,H77),Parámetros!$A$5:$A$12,0)) -> 17 | P77: =INDEX(Parámetros!$G$5:$G$12,MATCH(G77,Parámetros!$A$5:$A$12,0)) -> 0.025 | Q77: =IF(Z77="","",INDEX(Parámetros!$C$27:$C$31,MATCH(Z77,Parámetros!$A$27:$A$31,0))*P77) -> 0.5 | R77: =INDEX(Parámetros!$D$27:$D$31,MATCH(Z77,Parámetros!$A$27:$A$31,0))*P77 -> 1.5 | S77: =(Q77+0.5*(1-(N77/L77)^2)+(1-(N77/L77)^2)^2)*(L77/N77)^4+IF(Z77="",0,INDEX(Parámetros!$E$27:$E$31,MATCH(Z77,Parámetros!$A$27:$A$31,0))) -> 1.5472 | T77: =(R77+0.5*(1-(O77/L77)^2)+(1-(O77/M77)^2)^2)*(M77/O77)^4+IF(Z77="",0,INDEX(Parámetros!$E$27:$E$31,MATCH(Z77,Parámetros!$A$27:$A$31,0))) -> 3.6208 | V77: Crane fórm. 6 (θ = 180°) con el paso del inserto + te 20·fT (paso) / 60·fT (derivación) | W77: 3.97 | X77: https://latiendadeljardin.com/es/piezas-de-polietileno/453-756-Te-macho-pe.html | Y77: AENOR según la tienda. Rosca equivalente supuesta. Solo hasta 63 mm | Z77: TE | AA77: PE | AB77: =IF(COUNTIFS(Packs!$D$2:$D$70,A77,Packs!$F$2:$F$70,">0")=0,"",_xlfn.MINIFS(Packs!$F$2:$F$70,Packs!$D$2:$D$70,A77,Packs!$F$2:$F$70,">0")) | AC77: =COUNTIF(Packs!$D$2:$D$70,A77) -> 0
A78: PE-TM-32 | B78: Te rosca macho PE | C78: 6220 | D78: tee | E78: Te compresión × derivación rosca macho | F78: Compresión × compresión × rosca M | G78: 32 | H78: 32 | I78: 1" | J78: 16 | K78: PP (cuerpo) · compresión para tubo PE | L78: =INDEX(Parámetros!$D$5:$D$12,MATCH(G78,Parámetros!$A$5:$A$12,0)) -> 26.2 | M78: =INDEX(Parámetros!$D$5:$D$12,MATCH(IF(H78="",G78,H78),Parámetros!$A$5:$A$12,0)) -> 26.2 | N78: =INDEX(Parámetros!$E$5:$E$12,MATCH(G78,Parámetros!$A$5:$A$12,0)) -> 22 | O78: =INDEX(Parámetros!$E$5:$E$12,MATCH(IF(H78="",G78,H78),Parámetros!$A$5:$A$12,0)) -> 22 | P78: =INDEX(Parámetros!$G$5:$G$12,MATCH(G78,Parámetros!$A$5:$A$12,0)) -> 0.023 | Q78: =IF(Z78="","",INDEX(Parámetros!$C$27:$C$31,MATCH(Z78,Parámetros!$A$27:$A$31,0))*P78) -> 0.46 | R78: =INDEX(Parámetros!$D$27:$D$31,MATCH(Z78,Parámetros!$A$27:$A$31,0))*P78 -> 1.38 | S78: =(Q78+0.5*(1-(N78/L78)^2)+(1-(N78/L78)^2)^2)*(L78/N78)^4+IF(Z78="",0,INDEX(Parámetros!$E$27:$E$31,MATCH(Z78,Parámetros!$A$27:$A$31,0))) -> 1.3968281 | T78: =(R78+0.5*(1-(O78/L78)^2)+(1-(O78/M78)^2)^2)*(M78/O78)^4+IF(Z78="",0,INDEX(Parámetros!$E$27:$E$31,MATCH(Z78,Parámetros!$A$27:$A$31,0))) -> 3.2473842 | V78: Crane fórm. 6 (θ = 180°) con el paso del inserto + te 20·fT (paso) / 60·fT (derivación) | W78: 3.97 | X78: https://latiendadeljardin.com/es/piezas-de-polietileno/453-756-Te-macho-pe.html | Y78: AENOR según la tienda. Rosca equivalente supuesta. Solo hasta 63 mm | Z78: TE | AA78: PE | AB78: =IF(COUNTIFS(Packs!$D$2:$D$70,A78,Packs!$F$2:$F$70,">0")=0,"",_xlfn.MINIFS(Packs!$F$2:$F$70,Packs!$D$2:$D$70,A78,Packs!$F$2:$F$70,">0")) | AC78: =COUNTIF(Packs!$D$2:$D$70,A78) -> 0
A79: PE-TM-40 | B79: Te rosca macho PE | C79: 6220 | D79: tee | E79: Te compresión × derivación rosca macho | F79: Compresión × compresión × rosca M | G79: 40 | H79: 40 | I79: 1 1/4" | J79: 16 | K79: PP (cuerpo) · compresión para tubo PE | L79: =INDEX(Parámetros!$D$5:$D$12,MATCH(G79,Parámetros!$A$5:$A$12,0)) -> 32.6 | M79: =INDEX(Parámetros!$D$5:$D$12,MATCH(IF(H79="",G79,H79),Parámetros!$A$5:$A$12,0)) -> 32.6 | N79: =INDEX(Parámetros!$E$5:$E$12,MATCH(G79,Parámetros!$A$5:$A$12,0)) -> 28 | O79: =INDEX(Parámetros!$E$5:$E$12,MATCH(IF(H79="",G79,H79),Parámetros!$A$5:$A$12,0)) -> 28 | P79: =INDEX(Parámetros!$G$5:$G$12,MATCH(G79,Parámetros!$A$5:$A$12,0)) -> 0.022 | Q79: =IF(Z79="","",INDEX(Parámetros!$C$27:$C$31,MATCH(Z79,Parámetros!$A$27:$A$31,0))*P79) -> 0.44 | R79: =INDEX(Parámetros!$D$27:$D$31,MATCH(Z79,Parámetros!$A$27:$A$31,0))*P79 -> 1.32 | S79: =(Q79+0.5*(1-(N79/L79)^2)+(1-(N79/L79)^2)^2)*(L79/N79)^4+IF(Z79="",0,INDEX(Parámetros!$E$27:$E$31,MATCH(Z79,Parámetros!$A$27:$A$31,0))) -> 1.1759366 | T79: =(R79+0.5*(1-(O79/L79)^2)+(1-(O79/M79)^2)^2)*(M79/O79)^4+IF(Z79="",0,INDEX(Parámetros!$E$27:$E$31,MATCH(Z79,Parámetros!$A$27:$A$31,0))) -> 2.7929773 | V79: Crane fórm. 6 (θ = 180°) con el paso del inserto + te 20·fT (paso) / 60·fT (derivación) | W79: 3.97 | X79: https://latiendadeljardin.com/es/piezas-de-polietileno/453-756-Te-macho-pe.html | Y79: AENOR según la tienda. Rosca equivalente supuesta. Solo hasta 63 mm | Z79: TE | AA79: PE | AB79: =IF(COUNTIFS(Packs!$D$2:$D$70,A79,Packs!$F$2:$F$70,">0")=0,"",_xlfn.MINIFS(Packs!$F$2:$F$70,Packs!$D$2:$D$70,A79,Packs!$F$2:$F$70,">0")) | AC79: =COUNTIF(Packs!$D$2:$D$70,A79) -> 0
... A81: PE-TM-63 | B81: Te rosca macho PE | C81: 6220 | D81: tee | E81: Te compresión × derivación rosca macho | F81: Compresión × compresión × rosca M | G81: 63 | H81: 63 | I81: 2" | J81: 16 | K81: PP (cuerpo) · compresión para tubo PE | L81: =INDEX(Parámetros!$D$5:$D$12,MATCH(G81,Parámetros!$A$5:$A$12,0)) -> 51.4 | M81: =INDEX(Parámetros!$D$5:$D$12,MATCH(IF(H81="",G81,H81),Parámetros!$A$5:$A$12,0)) -> 51.4 | N81: =INDEX(Parámetros!$E$5:$E$12,MATCH(G81,Parámetros!$A$5:$A$12,0)) -> 45 | O81: =INDEX(Parámetros!$E$5:$E$12,MATCH(IF(H81="",G81,H81),Parámetros!$A$5:$A$12,0)) -> 45 | P81: =INDEX(Parámetros!$G$5:$G$12,MATCH(G81,Parámetros!$A$5:$A$12,0)) -> 0.019 | Q81: =IF(Z81="","",INDEX(Parámetros!$C$27:$C$31,MATCH(Z81,Parámetros!$A$27:$A$31,0))*P81) -> 0.38 | R81: =INDEX(Parámetros!$D$27:$D$31,MATCH(Z81,Parámetros!$A$27:$A$31,0))*P81 -> 1.14 | S81: =(Q81+0.5*(1-(N81/L81)^2)+(1-(N81/L81)^2)^2)*(L81/N81)^4+IF(Z81="",0,INDEX(Parámetros!$E$27:$E$31,MATCH(Z81,Parámetros!$A$27:$A$31,0))) -> 0.93839682 | T81: =(R81+0.5*(1-(O81/L81)^2)+(1-(O81/M81)^2)^2)*(M81/O81)^4+IF(Z81="",0,INDEX(Parámetros!$E$27:$E$31,MATCH(Z81,Parámetros!$A$27:$A$31,0))) -> 2.2320445 | V81: Crane fórm. 6 (θ = 180°) con el paso del inserto + te 20·fT (paso) / 60·fT (derivación) | W81: 3.97 | X81: https://latiendadeljardin.com/es/piezas-de-polietileno/453-756-Te-macho-pe.html | Y81: AENOR según la tienda. Rosca equivalente supuesta. Solo hasta 63 mm | Z81: TE | AA81: PE | AB81: =IF(COUNTIFS(Packs!$D$2:$D$70,A81,Packs!$F$2:$F$70,">0")=0,"",_xlfn.MINIFS(Packs!$F$2:$F$70,Packs!$D$2:$D$70,A81,Packs!$F$2:$F$70,">0")) | AC81: =COUNTIF(Packs!$D$2:$D$70,A81) -> 0
A82: PE-TF-20 | B82: Tapón final PE | C82: 5920 | D82: tapon | E82: Tapón final de compresión | F82: Compresión | G82: 20 | J82: 16 | K82: PP (cuerpo) · compresión para tubo PE | L82: =INDEX(Parámetros!$D$5:$D$12,MATCH(G82,Parámetros!$A$5:$A$12,0)) -> 16 | M82: =INDEX(Parámetros!$D$5:$D$12,MATCH(IF(H82="",G82,H82),Parámetros!$A$5:$A$12,0)) -> 16 | N82: =INDEX(Parámetros!$E$5:$E$12,MATCH(G82,Parámetros!$A$5:$A$12,0)) -> 13 | P82: =INDEX(Parámetros!$G$5:$G$12,MATCH(G82,Parámetros!$A$5:$A$12,0)) -> 0.027 | Q82: =IF(Z82="","",INDEX(Parámetros!$C$27:$C$31,MATCH(Z82,Parámetros!$A$27:$A$31,0))*P82) | V82: Extremo cerrado (tapón): no se calcula K | W82: 1.68 | X82: https://latiendadeljardin.com/es/piezas-de-polietileno/454-764-tapon-final-pe.html | Y82: Extremo cerrado: sin K | AA82: PE | AB82: =IF(COUNTIFS(Packs!$D$2:$D$70,A82,Packs!$F$2:$F$70,">0")=0,"",_xlfn.MINIFS(Packs!$F$2:$F$70,Packs!$D$2:$D$70,A82,Packs!$F$2:$F$70,">0")) | AC82: =COUNTIF(Packs!$D$2:$D$70,A82) -> 1
A83: PE-TF-25 | B83: Tapón final PE | C83: 5920 | D83: tapon | E83: Tapón final de compresión | F83: Compresión | G83: 25 | J83: 16 | K83: PP (cuerpo) · compresión para tubo PE | L83: =INDEX(Parámetros!$D$5:$D$12,MATCH(G83,Parámetros!$A$5:$A$12,0)) -> 20.4 | M83: =INDEX(Parámetros!$D$5:$D$12,MATCH(IF(H83="",G83,H83),Parámetros!$A$5:$A$12,0)) -> 20.4 | N83: =INDEX(Parámetros!$E$5:$E$12,MATCH(G83,Parámetros!$A$5:$A$12,0)) -> 17 | P83: =INDEX(Parámetros!$G$5:$G$12,MATCH(G83,Parámetros!$A$5:$A$12,0)) -> 0.025 | Q83: =IF(Z83="","",INDEX(Parámetros!$C$27:$C$31,MATCH(Z83,Parámetros!$A$27:$A$31,0))*P83) | V83: Extremo cerrado (tapón): no se calcula K | W83: 1.68 | X83: https://latiendadeljardin.com/es/piezas-de-polietileno/454-764-tapon-final-pe.html | Y83: Extremo cerrado: sin K | AA83: PE | AB83: =IF(COUNTIFS(Packs!$D$2:$D$70,A83,Packs!$F$2:$F$70,">0")=0,"",_xlfn.MINIFS(Packs!$F$2:$F$70,Packs!$D$2:$D$70,A83,Packs!$F$2:$F$70,">0")) -> 2.2375 | AC83: =COUNTIF(Packs!$D$2:$D$70,A83) -> 1
A84: PE-TF-32 | B84: Tapón final PE | C84: 5920 | D84: tapon | E84: Tapón final de compresión | F84: Compresión | G84: 32 | J84: 16 | K84: PP (cuerpo) · compresión para tubo PE | L84: =INDEX(Parámetros!$D$5:$D$12,MATCH(G84,Parámetros!$A$5:$A$12,0)) -> 26.2 | M84: =INDEX(Parámetros!$D$5:$D$12,MATCH(IF(H84="",G84,H84),Parámetros!$A$5:$A$12,0)) -> 26.2 | N84: =INDEX(Parámetros!$E$5:$E$12,MATCH(G84,Parámetros!$A$5:$A$12,0)) -> 22 | P84: =INDEX(Parámetros!$G$5:$G$12,MATCH(G84,Parámetros!$A$5:$A$12,0)) -> 0.023 | Q84: =IF(Z84="","",INDEX(Parámetros!$C$27:$C$31,MATCH(Z84,Parámetros!$A$27:$A$31,0))*P84) | V84: Extremo cerrado (tapón): no se calcula K | W84: 1.68 | X84: https://latiendadeljardin.com/es/piezas-de-polietileno/454-764-tapon-final-pe.html | Y84: Extremo cerrado: sin K | AA84: PE | AB84: =IF(COUNTIFS(Packs!$D$2:$D$70,A84,Packs!$F$2:$F$70,">0")=0,"",_xlfn.MINIFS(Packs!$F$2:$F$70,Packs!$D$2:$D$70,A84,Packs!$F$2:$F$70,">0")) -> 2.9875 | AC84: =COUNTIF(Packs!$D$2:$D$70,A84) -> 1
A85: PE-TF-40 | B85: Tapón final PE | C85: 5920 | D85: tapon | E85: Tapón final de compresión | F85: Compresión | G85: 40 | J85: 16 | K85: PP (cuerpo) · compresión para tubo PE | L85: =INDEX(Parámetros!$D$5:$D$12,MATCH(G85,Parámetros!$A$5:$A$12,0)) -> 32.6 | M85: =INDEX(Parámetros!$D$5:$D$12,MATCH(IF(H85="",G85,H85),Parámetros!$A$5:$A$12,0)) -> 32.6 | N85: =INDEX(Parámetros!$E$5:$E$12,MATCH(G85,Parámetros!$A$5:$A$12,0)) -> 28 | P85: =INDEX(Parámetros!$G$5:$G$12,MATCH(G85,Parámetros!$A$5:$A$12,0)) -> 0.022 | Q85: =IF(Z85="","",INDEX(Parámetros!$C$27:$C$31,MATCH(Z85,Parámetros!$A$27:$A$31,0))*P85) | V85: Extremo cerrado (tapón): no se calcula K | W85: 1.68 | X85: https://latiendadeljardin.com/es/piezas-de-polietileno/454-764-tapon-final-pe.html | Y85: Extremo cerrado: sin K | AA85: PE | AB85: =IF(COUNTIFS(Packs!$D$2:$D$70,A85,Packs!$F$2:$F$70,">0")=0,"",_xlfn.MINIFS(Packs!$F$2:$F$70,Packs!$D$2:$D$70,A85,Packs!$F$2:$F$70,">0")) | AC85: =COUNTIF(Packs!$D$2:$D$70,A85) -> 1
A86: PE-TF-50 | B86: Tapón final PE | C86: 5920 | D86: tapon | E86: Tapón final de compresión | F86: Compresión | G86: 50 | J86: 16 | K86: PP (cuerpo) · compresión para tubo PE | L86: =INDEX(Parámetros!$D$5:$D$12,MATCH(G86,Parámetros!$A$5:$A$12,0)) -> 40.8 | M86: =INDEX(Parámetros!$D$5:$D$12,MATCH(IF(H86="",G86,H86),Parámetros!$A$5:$A$12,0)) -> 40.8 | N86: =INDEX(Parámetros!$E$5:$E$12,MATCH(G86,Parámetros!$A$5:$A$12,0)) -> 35 | P86: =INDEX(Parámetros!$G$5:$G$12,MATCH(G86,Parámetros!$A$5:$A$12,0)) -> 0.021 | Q86: =IF(Z86="","",INDEX(Parámetros!$C$27:$C$31,MATCH(Z86,Parámetros!$A$27:$A$31,0))*P86) | V86: Extremo cerrado (tapón): no se calcula K | W86: 1.68 | X86: https://latiendadeljardin.com/es/piezas-de-polietileno/454-764-tapon-final-pe.html | Y86: Extremo cerrado: sin K | AA86: PE | AB86: =IF(COUNTIFS(Packs!$D$2:$D$70,A86,Packs!$F$2:$F$70,">0")=0,"",_xlfn.MINIFS(Packs!$F$2:$F$70,Packs!$D$2:$D$70,A86,Packs!$F$2:$F$70,">0")) -> 5.4875 | AC86: =COUNTIF(Packs!$D$2:$D$70,A86) -> 1
A87: PE-TF-63 | B87: Tapón final PE | C87: 5920 | D87: tapon | E87: Tapón final de compresión | F87: Compresión | G87: 63 | J87: 16 | K87: PP (cuerpo) · compresión para tubo PE | L87: =INDEX(Parámetros!$D$5:$D$12,MATCH(G87,Parámetros!$A$5:$A$12,0)) -> 51.4 | M87: =INDEX(Parámetros!$D$5:$D$12,MATCH(IF(H87="",G87,H87),Parámetros!$A$5:$A$12,0)) -> 51.4 | N87: =INDEX(Parámetros!$E$5:$E$12,MATCH(G87,Parámetros!$A$5:$A$12,0)) -> 45 | P87: =INDEX(Parámetros!$G$5:$G$12,MATCH(G87,Parámetros!$A$5:$A$12,0)) -> 0.019 | Q87: =IF(Z87="","",INDEX(Parámetros!$C$27:$C$31,MATCH(Z87,Parámetros!$A$27:$A$31,0))*P87) | V87: Extremo cerrado (tapón): no se calcula K | W87: 1.68 | X87: https://latiendadeljardin.com/es/piezas-de-polietileno/454-764-tapon-final-pe.html | Y87: Extremo cerrado: sin K | AA87: PE | AB87: =IF(COUNTIFS(Packs!$D$2:$D$70,A87,Packs!$F$2:$F$70,">0")=0,"",_xlfn.MINIFS(Packs!$F$2:$F$70,Packs!$D$2:$D$70,A87,Packs!$F$2:$F$70,">0")) -> 7.7375 | AC87: =COUNTIF(Packs!$D$2:$D$70,A87) -> 1
A88: PE-TF-75 | B88: Tapón final PE | C88: 5920 | D88: tapon | E88: Tapón final de compresión | F88: Compresión | G88: 75 | J88: 16 | K88: PP (cuerpo) · compresión para tubo PE | L88: =INDEX(Parámetros!$D$5:$D$12,MATCH(G88,Parámetros!$A$5:$A$12,0)) -> 61.4 | M88: =INDEX(Parámetros!$D$5:$D$12,MATCH(IF(H88="",G88,H88),Parámetros!$A$5:$A$12,0)) -> 61.4 | N88: =INDEX(Parámetros!$E$5:$E$12,MATCH(G88,Parámetros!$A$5:$A$12,0)) -> 54 | P88: =INDEX(Parámetros!$G$5:$G$12,MATCH(G88,Parámetros!$A$5:$A$12,0)) -> 0.018 | Q88: =IF(Z88="","",INDEX(Parámetros!$C$27:$C$31,MATCH(Z88,Parámetros!$A$27:$A$31,0))*P88) | V88: Extremo cerrado (tapón): no se calcula K | W88: 1.68 | X88: https://latiendadeljardin.com/es/piezas-de-polietileno/454-764-tapon-final-pe.html | Y88: Extremo cerrado: sin K | AA88: PE | AB88: =IF(COUNTIFS(Packs!$D$2:$D$70,A88,Packs!$F$2:$F$70,">0")=0,"",_xlfn.MINIFS(Packs!$F$2:$F$70,Packs!$D$2:$D$70,A88,Packs!$F$2:$F$70,">0")) -> 12.7375 | AC88: =COUNTIF(Packs!$D$2:$D$70,A88) -> 1
A89: PE-TF-90 | B89: Tapón final PE | C89: 5920 | D89: tapon | E89: Tapón final de compresión | F89: Compresión | G89: 90 | J89: 16 | K89: PP (cuerpo) · compresión para tubo PE | L89: =INDEX(Parámetros!$D$5:$D$12,MATCH(G89,Parámetros!$A$5:$A$12,0)) -> 73.6 | M89: =INDEX(Parámetros!$D$5:$D$12,MATCH(IF(H89="",G89,H89),Parámetros!$A$5:$A$12,0)) -> 73.6 | N89: =INDEX(Parámetros!$E$5:$E$12,MATCH(G89,Parámetros!$A$5:$A$12,0)) -> 66 | P89: =INDEX(Parámetros!$G$5:$G$12,MATCH(G89,Parámetros!$A$5:$A$12,0)) -> 0.018 | Q89: =IF(Z89="","",INDEX(Parámetros!$C$27:$C$31,MATCH(Z89,Parámetros!$A$27:$A$31,0))*P89) | V89: Extremo cerrado (tapón): no se calcula K | W89: 1.68 | X89: https://latiendadeljardin.com/es/piezas-de-polietileno/454-764-tapon-final-pe.html | Y89: Extremo cerrado: sin K | AA89: PE | AB89: =IF(COUNTIFS(Packs!$D$2:$D$70,A89,Packs!$F$2:$F$70,">0")=0,"",_xlfn.MINIFS(Packs!$F$2:$F$70,Packs!$D$2:$D$70,A89,Packs!$F$2:$F$70,">0")) | AC89: =COUNTIF(Packs!$D$2:$D$70,A89) -> 0
A90: PE-CG-20 | B90: Codo grifo PE | C90: 27712020 | D90: codo90 | E90: Codo grifo (compresión × rosca hembra) | F90: Compresión × rosca H | G90: 20 | I90: 1/2" | J90: 16 | K90: PP (cuerpo) · compresión para tubo PE | L90: =INDEX(Parámetros!$D$5:$D$12,MATCH(G90,Parámetros!$A$5:$A$12,0)) -> 16 | M90: =INDEX(Parámetros!$D$5:$D$12,MATCH(IF(H90="",G90,H90),Parámetros!$A$5:$A$12,0)) -> 16 | N90: =INDEX(Parámetros!$E$5:$E$12,MATCH(G90,Parámetros!$A$5:$A$12,0)) -> 13 | P90: =INDEX(Parámetros!$G$5:$G$12,MATCH(G90,Parámetros!$A$5:$A$12,0)) -> 0.027 | Q90: =IF(Z90="","",INDEX(Parámetros!$C$27:$C$31,MATCH(Z90,Parámetros!$A$27:$A$31,0))*P90) -> 0.81 | S90: =(Q90+0.5*(1-(N90/L90)^2)+(1-(N90/M90)^2)^2)*(M90/N90)^4+IF(Z90="",0,INDEX(Parámetros!$E$27:$E$31,MATCH(Z90,Parámetros!$A$27:$A$31,0))) -> 2.513538 | U90: =IF(H90="","",(Q90+0.5*(1-(N90/M90)^2)+(1-(N90/L90)^2)^2)*(M90/N90)^4+IF(Z90="",0,INDEX(Parámetros!$E$27:$E$31,MATCH(Z90,Parámetros!$A$27:$A$31,0)))) | V90: Crane fórm. 6 con el paso del inserto + codo estándar 30·fT | W90: 3.57 | X90: https://latiendadeljardin.com/es/piezas-de-polietileno/455-772-codo-grifo-pe.html | Y90: Confirmar si lleva placa de fijación a pared | Z90: CODO | AA90: PE | AB90: =IF(COUNTIFS(Packs!$D$2:$D$70,A90,Packs!$F$2:$F$70,">0")=0,"",_xlfn.MINIFS(Packs!$F$2:$F$70,Packs!$D$2:$D$70,A90,Packs!$F$2:$F$70,">0")) | AC90: =COUNTIF(Packs!$D$2:$D$70,A90) -> 0
A91: PE-CG-25 | B91: Codo grifo PE | C91: 27712020 | D91: codo90 | E91: Codo grifo (compresión × rosca hembra) | F91: Compresión × rosca H | G91: 25 | I91: 3/4" | J91: 16 | K91: PP (cuerpo) · compresión para tubo PE | L91: =INDEX(Parámetros!$D$5:$D$12,MATCH(G91,Parámetros!$A$5:$A$12,0)) -> 20.4 | M91: =INDEX(Parámetros!$D$5:$D$12,MATCH(IF(H91="",G91,H91),Parámetros!$A$5:$A$12,0)) -> 20.4 | N91: =INDEX(Parámetros!$E$5:$E$12,MATCH(G91,Parámetros!$A$5:$A$12,0)) -> 17 | P91: =INDEX(Parámetros!$G$5:$G$12,MATCH(G91,Parámetros!$A$5:$A$12,0)) -> 0.025 | Q91: =IF(Z91="","",INDEX(Parámetros!$C$27:$C$31,MATCH(Z91,Parámetros!$A$27:$A$31,0))*P91) -> 0.75 | S91: =(Q91+0.5*(1-(N91/L91)^2)+(1-(N91/M91)^2)^2)*(M91/N91)^4+IF(Z91="",0,INDEX(Parámetros!$E$27:$E$31,MATCH(Z91,Parámetros!$A$27:$A$31,0))) -> 2.0656 | U91: =IF(H91="","",(Q91+0.5*(1-(N91/M91)^2)+(1-(N91/L91)^2)^2)*(M91/N91)^4+IF(Z91="",0,INDEX(Parámetros!$E$27:$E$31,MATCH(Z91,Parámetros!$A$27:$A$31,0)))) | V91: Crane fórm. 6 con el paso del inserto + codo estándar 30·fT | W91: 3.57 | X91: https://latiendadeljardin.com/es/piezas-de-polietileno/455-772-codo-grifo-pe.html | Y91: Confirmar si lleva placa de fijación a pared | Z91: CODO | AA91: PE | AB91: =IF(COUNTIFS(Packs!$D$2:$D$70,A91,Packs!$F$2:$F$70,">0")=0,"",_xlfn.MINIFS(Packs!$F$2:$F$70,Packs!$D$2:$D$70,A91,Packs!$F$2:$F$70,">0")) | AC91: =COUNTIF(Packs!$D$2:$D$70,A91) -> 0
A92: PE-MA-1/2 | B92: Machón PE | C92: 901-MR | D92: machon | E92: Machón igual rosca macho × macho | F92: Rosca M × M | G92: 1/2" | I92: 1/2" | J92: 10 | K92: Plástico (PE según el título; la ficha dice también PP) | L92: =INDEX(Parámetros!$B$16:$B$23,MATCH(G92,Parámetros!$A$16:$A$23,0)) -> 15.8 | M92: =INDEX(Parámetros!$B$16:$B$23,MATCH(IF(H92="",G92,H92),Parámetros!$A$16:$A$23,0)) -> 15.8 | N92: =INDEX(Parámetros!$B$16:$B$23,MATCH(IF(H92="",G92,H92),Parámetros!$A$16:$A$23,0)) -> 15.8 | P92: =INDEX(Parámetros!$C$16:$C$23,MATCH(G92,Parámetros!$A$16:$A$23,0)) -> 0.027 | Q92: =IF(Z92="","",INDEX(Parámetros!$C$27:$C$31,MATCH(Z92,Parámetros!$A$27:$A$31,0))*P92) -> 0 | S92: =(Q92+0.5*(1-(N92/L92)^2)+(1-(N92/M92)^2)^2)*(M92/N92)^4+IF(Z92="",0,INDEX(Parámetros!$E$27:$E$31,MATCH(Z92,Parámetros!$A$27:$A$31,0))) -> 0.04 | U92: =IF(H92="","",(Q92+0.5*(1-(N92/M92)^2)+(1-(N92/L92)^2)^2)*(M92/N92)^4+IF(Z92="",0,INDEX(Parámetros!$E$27:$E$31,MATCH(Z92,Parámetros!$A$27:$A$31,0)))) | V92: Crane fórm. 6 con el paso de rosca + Perry 0,04 | W92: 0.66 | X92: https://latiendadeljardin.com/es/piezas-de-polietileno/663-1076-machon-igual-polietileno.html | Z92: ROSC | AA92: BSP | AB92: =IF(COUNTIFS(Packs!$D$2:$D$70,A92,Packs!$F$2:$F$70,">0")=0,"",_xlfn.MINIFS(Packs!$F$2:$F$70,Packs!$D$2:$D$70,A92,Packs!$F$2:$F$70,">0")) | AC92: =COUNTIF(Packs!$D$2:$D$70,A92) -> 0
A93: PE-MA-3/4 | B93: Machón PE | C93: 901-MR | D93: machon | E93: Machón igual rosca macho × macho | F93: Rosca M × M | G93: 3/4" | I93: 3/4" | J93: 10 | K93: Plástico (PE según el título; la ficha dice también PP) | L93: =INDEX(Parámetros!$B$16:$B$23,MATCH(G93,Parámetros!$A$16:$A$23,0)) -> 20.9 | M93: =INDEX(Parámetros!$B$16:$B$23,MATCH(IF(H93="",G93,H93),Parámetros!$A$16:$A$23,0)) -> 20.9 | N93: =INDEX(Parámetros!$B$16:$B$23,MATCH(IF(H93="",G93,H93),Parámetros!$A$16:$A$23,0)) -> 20.9 | P93: =INDEX(Parámetros!$C$16:$C$23,MATCH(G93,Parámetros!$A$16:$A$23,0)) -> 0.025 | Q93: =IF(Z93="","",INDEX(Parámetros!$C$27:$C$31,MATCH(Z93,Parámetros!$A$27:$A$31,0))*P93) -> 0 | S93: =(Q93+0.5*(1-(N93/L93)^2)+(1-(N93/M93)^2)^2)*(M93/N93)^4+IF(Z93="",0,INDEX(Parámetros!$E$27:$E$31,MATCH(Z93,Parámetros!$A$27:$A$31,0))) -> 0.04 | U93: =IF(H93="","",(Q93+0.5*(1-(N93/M93)^2)+(1-(N93/L93)^2)^2)*(M93/N93)^4+IF(Z93="",0,INDEX(Parámetros!$E$27:$E$31,MATCH(Z93,Parámetros!$A$27:$A$31,0)))) | V93: Crane fórm. 6 con el paso de rosca + Perry 0,04 | W93: 0.66 | X93: https://latiendadeljardin.com/es/piezas-de-polietileno/663-1076-machon-igual-polietileno.html | Z93: ROSC | AA93: BSP | AB93: =IF(COUNTIFS(Packs!$D$2:$D$70,A93,Packs!$F$2:$F$70,">0")=0,"",_xlfn.MINIFS(Packs!$F$2:$F$70,Packs!$D$2:$D$70,A93,Packs!$F$2:$F$70,">0")) | AC93: =COUNTIF(Packs!$D$2:$D$70,A93) -> 1
A94: PE-MA-1 | B94: Machón PE | C94: 901-MR | D94: machon | E94: Machón igual rosca macho × macho | F94: Rosca M × M | G94: 1" | I94: 1" | J94: 10 | K94: Plástico (PE según el título; la ficha dice también PP) | L94: =INDEX(Parámetros!$B$16:$B$23,MATCH(G94,Parámetros!$A$16:$A$23,0)) -> 26.6 | M94: =INDEX(Parámetros!$B$16:$B$23,MATCH(IF(H94="",G94,H94),Parámetros!$A$16:$A$23,0)) -> 26.6 | N94: =INDEX(Parámetros!$B$16:$B$23,MATCH(IF(H94="",G94,H94),Parámetros!$A$16:$A$23,0)) -> 26.6 | P94: =INDEX(Parámetros!$C$16:$C$23,MATCH(G94,Parámetros!$A$16:$A$23,0)) -> 0.023 | Q94: =IF(Z94="","",INDEX(Parámetros!$C$27:$C$31,MATCH(Z94,Parámetros!$A$27:$A$31,0))*P94) -> 0 | S94: =(Q94+0.5*(1-(N94/L94)^2)+(1-(N94/M94)^2)^2)*(M94/N94)^4+IF(Z94="",0,INDEX(Parámetros!$E$27:$E$31,MATCH(Z94,Parámetros!$A$27:$A$31,0))) -> 0.04 | U94: =IF(H94="","",(Q94+0.5*(1-(N94/M94)^2)+(1-(N94/L94)^2)^2)*(M94/N94)^4+IF(Z94="",0,INDEX(Parámetros!$E$27:$E$31,MATCH(Z94,Parámetros!$A$27:$A$31,0)))) | V94: Crane fórm. 6 con el paso de rosca + Perry 0,04 | W94: 0.66 | X94: https://latiendadeljardin.com/es/piezas-de-polietileno/663-1076-machon-igual-polietileno.html | Z94: ROSC | AA94: BSP | AB94: =IF(COUNTIFS(Packs!$D$2:$D$70,A94,Packs!$F$2:$F$70,">0")=0,"",_xlfn.MINIFS(Packs!$F$2:$F$70,Packs!$D$2:$D$70,A94,Packs!$F$2:$F$70,">0")) -> 0.99 | AC94: =COUNTIF(Packs!$D$2:$D$70,A94) -> 1
A95: PE-MA-11/4 | B95: Machón PE | C95: 901-MR | D95: machon | E95: Machón igual rosca macho × macho | F95: Rosca M × M | G95: 1 1/4" | I95: 1 1/4" | J95: 10 | K95: Plástico (PE según el título; la ficha dice también PP) | L95: =INDEX(Parámetros!$B$16:$B$23,MATCH(G95,Parámetros!$A$16:$A$23,0)) -> 35.1 | M95: =INDEX(Parámetros!$B$16:$B$23,MATCH(IF(H95="",G95,H95),Parámetros!$A$16:$A$23,0)) -> 35.1 | N95: =INDEX(Parámetros!$B$16:$B$23,MATCH(IF(H95="",G95,H95),Parámetros!$A$16:$A$23,0)) -> 35.1 | P95: =INDEX(Parámetros!$C$16:$C$23,MATCH(G95,Parámetros!$A$16:$A$23,0)) -> 0.022 | Q95: =IF(Z95="","",INDEX(Parámetros!$C$27:$C$31,MATCH(Z95,Parámetros!$A$27:$A$31,0))*P95) -> 0 | S95: =(Q95+0.5*(1-(N95/L95)^2)+(1-(N95/M95)^2)^2)*(M95/N95)^4+IF(Z95="",0,INDEX(Parámetros!$E$27:$E$31,MATCH(Z95,Parámetros!$A$27:$A$31,0))) -> 0.04 | U95: =IF(H95="","",(Q95+0.5*(1-(N95/M95)^2)+(1-(N95/L95)^2)^2)*(M95/N95)^4+IF(Z95="",0,INDEX(Parámetros!$E$27:$E$31,MATCH(Z95,Parámetros!$A$27:$A$31,0)))) | V95: Crane fórm. 6 con el paso de rosca + Perry 0,04 | W95: 0.66 | X95: https://latiendadeljardin.com/es/piezas-de-polietileno/663-1076-machon-igual-polietileno.html | Z95: ROSC | AA95: BSP | AB95: =IF(COUNTIFS(Packs!$D$2:$D$70,A95,Packs!$F$2:$F$70,">0")=0,"",_xlfn.MINIFS(Packs!$F$2:$F$70,Packs!$D$2:$D$70,A95,Packs!$F$2:$F$70,">0")) -> 1.39 | AC95: =COUNTIF(Packs!$D$2:$D$70,A95) -> 1
A96: PE-MA-11/2 | B96: Machón PE | C96: 901-MR | D96: machon | E96: Machón igual rosca macho × macho | F96: Rosca M × M | G96: 1 1/2" | I96: 1 1/2" | J96: 10 | K96: Plástico (PE según el título; la ficha dice también PP) | L96: =INDEX(Parámetros!$B$16:$B$23,MATCH(G96,Parámetros!$A$16:$A$23,0)) -> 40.9 | M96: =INDEX(Parámetros!$B$16:$B$23,MATCH(IF(H96="",G96,H96),Parámetros!$A$16:$A$23,0)) -> 40.9 | N96: =INDEX(Parámetros!$B$16:$B$23,MATCH(IF(H96="",G96,H96),Parámetros!$A$16:$A$23,0)) -> 40.9 | P96: =INDEX(Parámetros!$C$16:$C$23,MATCH(G96,Parámetros!$A$16:$A$23,0)) -> 0.021 | Q96: =IF(Z96="","",INDEX(Parámetros!$C$27:$C$31,MATCH(Z96,Parámetros!$A$27:$A$31,0))*P96) -> 0 | S96: =(Q96+0.5*(1-(N96/L96)^2)+(1-(N96/M96)^2)^2)*(M96/N96)^4+IF(Z96="",0,INDEX(Parámetros!$E$27:$E$31,MATCH(Z96,Parámetros!$A$27:$A$31,0))) -> 0.04 | U96: =IF(H96="","",(Q96+0.5*(1-(N96/M96)^2)+(1-(N96/L96)^2)^2)*(M96/N96)^4+IF(Z96="",0,INDEX(Parámetros!$E$27:$E$31,MATCH(Z96,Parámetros!$A$27:$A$31,0)))) | V96: Crane fórm. 6 con el paso de rosca + Perry 0,04 | W96: 0.66 | X96: https://latiendadeljardin.com/es/piezas-de-polietileno/663-1076-machon-igual-polietileno.html | Z96: ROSC | AA96: BSP | AB96: =IF(COUNTIFS(Packs!$D$2:$D$70,A96,Packs!$F$2:$F$70,">0")=0,"",_xlfn.MINIFS(Packs!$F$2:$F$70,Packs!$D$2:$D$70,A96,Packs!$F$2:$F$70,">0")) -> 1.39 | AC96: =COUNTIF(Packs!$D$2:$D$70,A96) -> 1
A97: PE-MA-2 | B97: Machón PE | C97: 901-MR | D97: machon | E97: Machón igual rosca macho × macho | F97: Rosca M × M | G97: 2" | I97: 2" | J97: 10 | K97: Plástico (PE según el título; la ficha dice también PP) | L97: =INDEX(Parámetros!$B$16:$B$23,MATCH(G97,Parámetros!$A$16:$A$23,0)) -> 52.5 | M97: =INDEX(Parámetros!$B$16:$B$23,MATCH(IF(H97="",G97,H97),Parámetros!$A$16:$A$23,0)) -> 52.5 | N97: =INDEX(Parámetros!$B$16:$B$23,MATCH(IF(H97="",G97,H97),Parámetros!$A$16:$A$23,0)) -> 52.5 | P97: =INDEX(Parámetros!$C$16:$C$23,MATCH(G97,Parámetros!$A$16:$A$23,0)) -> 0.019 | Q97: =IF(Z97="","",INDEX(Parámetros!$C$27:$C$31,MATCH(Z97,Parámetros!$A$27:$A$31,0))*P97) -> 0 | S97: =(Q97+0.5*(1-(N97/L97)^2)+(1-(N97/M97)^2)^2)*(M97/N97)^4+IF(Z97="",0,INDEX(Parámetros!$E$27:$E$31,MATCH(Z97,Parámetros!$A$27:$A$31,0))) -> 0.04 | U97: =IF(H97="","",(Q97+0.5*(1-(N97/M97)^2)+(1-(N97/L97)^2)^2)*(M97/N97)^4+IF(Z97="",0,INDEX(Parámetros!$E$27:$E$31,MATCH(Z97,Parámetros!$A$27:$A$31,0)))) | V97: Crane fórm. 6 con el paso de rosca + Perry 0,04 | W97: 0.66 | X97: https://latiendadeljardin.com/es/piezas-de-polietileno/663-1076-machon-igual-polietileno.html | Z97: ROSC | AA97: BSP | AB97: =IF(COUNTIFS(Packs!$D$2:$D$70,A97,Packs!$F$2:$F$70,">0")=0,"",_xlfn.MINIFS(Packs!$F$2:$F$70,Packs!$D$2:$D$70,A97,Packs!$F$2:$F$70,">0")) -> 2.79 | AC97: =COUNTIF(Packs!$D$2:$D$70,A97) -> 1
A98: PE-MA-21/2 | B98: Machón PE | C98: 901-MR | D98: machon | E98: Machón igual rosca macho × macho | F98: Rosca M × M | G98: 2 1/2" | I98: 2 1/2" | J98: 10 | K98: Plástico (PE según el título; la ficha dice también PP) | L98: =INDEX(Parámetros!$B$16:$B$23,MATCH(G98,Parámetros!$A$16:$A$23,0)) -> 62.7 | M98: =INDEX(Parámetros!$B$16:$B$23,MATCH(IF(H98="",G98,H98),Parámetros!$A$16:$A$23,0)) -> 62.7 | N98: =INDEX(Parámetros!$B$16:$B$23,MATCH(IF(H98="",G98,H98),Parámetros!$A$16:$A$23,0)) -> 62.7 | P98: =INDEX(Parámetros!$C$16:$C$23,MATCH(G98,Parámetros!$A$16:$A$23,0)) -> 0.018 | Q98: =IF(Z98="","",INDEX(Parámetros!$C$27:$C$31,MATCH(Z98,Parámetros!$A$27:$A$31,0))*P98) -> 0 | S98: =(Q98+0.5*(1-(N98/L98)^2)+(1-(N98/M98)^2)^2)*(M98/N98)^4+IF(Z98="",0,INDEX(Parámetros!$E$27:$E$31,MATCH(Z98,Parámetros!$A$27:$A$31,0))) -> 0.04 | U98: =IF(H98="","",(Q98+0.5*(1-(N98/M98)^2)+(1-(N98/L98)^2)^2)*(M98/N98)^4+IF(Z98="",0,INDEX(Parámetros!$E$27:$E$31,MATCH(Z98,Parámetros!$A$27:$A$31,0)))) | V98: Crane fórm. 6 con el paso de rosca + Perry 0,04 | W98: 0.66 | X98: https://latiendadeljardin.com/es/piezas-de-polietileno/663-1076-machon-igual-polietileno.html | Z98: ROSC | AA98: BSP | AB98: =IF(COUNTIFS(Packs!$D$2:$D$70,A98,Packs!$F$2:$F$70,">0")=0,"",_xlfn.MINIFS(Packs!$F$2:$F$70,Packs!$D$2:$D$70,A98,Packs!$F$2:$F$70,">0")) | AC98: =COUNTIF(Packs!$D$2:$D$70,A98) -> 0
A99: PE-MA-3 | B99: Machón PE | C99: 901-MR | D99: machon | E99: Machón igual rosca macho × macho | F99: Rosca M × M | G99: 3" | I99: 3" | J99: 10 | K99: Plástico (PE según el título; la ficha dice también PP) | L99: =INDEX(Parámetros!$B$16:$B$23,MATCH(G99,Parámetros!$A$16:$A$23,0)) -> 77.9 | M99: =INDEX(Parámetros!$B$16:$B$23,MATCH(IF(H99="",G99,H99),Parámetros!$A$16:$A$23,0)) -> 77.9 | N99: =INDEX(Parámetros!$B$16:$B$23,MATCH(IF(H99="",G99,H99),Parámetros!$A$16:$A$23,0)) -> 77.9 | P99: =INDEX(Parámetros!$C$16:$C$23,MATCH(G99,Parámetros!$A$16:$A$23,0)) -> 0.018 | Q99: =IF(Z99="","",INDEX(Parámetros!$C$27:$C$31,MATCH(Z99,Parámetros!$A$27:$A$31,0))*P99) -> 0 | S99: =(Q99+0.5*(1-(N99/L99)^2)+(1-(N99/M99)^2)^2)*(M99/N99)^4+IF(Z99="",0,INDEX(Parámetros!$E$27:$E$31,MATCH(Z99,Parámetros!$A$27:$A$31,0))) -> 0.04 | U99: =IF(H99="","",(Q99+0.5*(1-(N99/M99)^2)+(1-(N99/L99)^2)^2)*(M99/N99)^4+IF(Z99="",0,INDEX(Parámetros!$E$27:$E$31,MATCH(Z99,Parámetros!$A$27:$A$31,0)))) | V99: Crane fórm. 6 con el paso de rosca + Perry 0,04 | W99: 0.66 | X99: https://latiendadeljardin.com/es/piezas-de-polietileno/663-1076-machon-igual-polietileno.html | Z99: ROSC | AA99: BSP | AB99: =IF(COUNTIFS(Packs!$D$2:$D$70,A99,Packs!$F$2:$F$70,">0")=0,"",_xlfn.MINIFS(Packs!$F$2:$F$70,Packs!$D$2:$D$70,A99,Packs!$F$2:$F$70,">0")) | AC99: =COUNTIF(Packs!$D$2:$D$70,A99) -> 0
A100: PE-MAR-3/4x1/2 | B100: Machón reducido PE | C100: 910-MR | D100: machon | E100: Machón reducido rosca macho × macho | F100: Rosca M × M | G100: 3/4" | H100: 1/2" | I100: 3/4" × 1/2" | J100: 10 | K100: Plástico (PE según el título; la ficha dice también PP) | L100: =INDEX(Parámetros!$B$16:$B$23,MATCH(G100,Parámetros!$A$16:$A$23,0)) -> 20.9 | M100: =INDEX(Parámetros!$B$16:$B$23,MATCH(IF(H100="",G100,H100),Parámetros!$A$16:$A$23,0)) -> 15.8 | N100: =INDEX(Parámetros!$B$16:$B$23,MATCH(IF(H100="",G100,H100),Parámetros!$A$16:$A$23,0)) -> 15.8 | P100: =INDEX(Parámetros!$C$16:$C$23,MATCH(G100,Parámetros!$A$16:$A$23,0)) -> 0.025 | Q100: =IF(Z100="","",INDEX(Parámetros!$C$27:$C$31,MATCH(Z100,Parámetros!$A$27:$A$31,0))*P100) -> 0 | S100: =(Q100+0.5*(1-(N100/L100)^2)+(1-(N100/M100)^2)^2)*(M100/N100)^4+IF(Z100="",0,INDEX(Parámetros!$E$27:$E$31,MATCH(Z100,Parámetros!$A$27:$A$31,0))) -> 0.25424647 | U100: =IF(H100="","",(Q100+0.5*(1-(N100/M100)^2)+(1-(N100/L100)^2)^2)*(M100/N100)^4+IF(Z100="",0,INDEX(Parámetros!$E$27:$E$31,MATCH(Z100,Parámetros!$A$27:$A$31,0)))) -> 0.2236062 | V100: Crane fórm. 6 con el paso de rosca + Perry 0,04; reducida: contracción desde la medida mayor | W100: 0.68 | X100: https://latiendadeljardin.com/es/piezas-de-polietileno/1638-2100-machon-reducido-polietileno.html | Z100: ROSC | AA100: BSP | AB100: =IF(COUNTIFS(Packs!$D$2:$D$70,A100,Packs!$F$2:$F$70,">0")=0,"",_xlfn.MINIFS(Packs!$F$2:$F$70,Packs!$D$2:$D$70,A100,Packs!$F$2:$F$70,">0")) -> 0.59 | AC100: =COUNTIF(Packs!$D$2:$D$70,A100) -> 1
A101: PE-MAR-1x1/2 | B101: Machón reducido PE | C101: 910-MR | D101: machon | E101: Machón reducido rosca macho × macho | F101: Rosca M × M | G101: 1" | H101: 1/2" | I101: 1" × 1/2" | J101: 10 | K101: Plástico (PE según el título; la ficha dice también PP) | L101: =INDEX(Parámetros!$B$16:$B$23,MATCH(G101,Parámetros!$A$16:$A$23,0)) -> 26.6 | M101: =INDEX(Parámetros!$B$16:$B$23,MATCH(IF(H101="",G101,H101),Parámetros!$A$16:$A$23,0)) -> 15.8 | N101: =INDEX(Parámetros!$B$16:$B$23,MATCH(IF(H101="",G101,H101),Parámetros!$A$16:$A$23,0)) -> 15.8 | P101: =INDEX(Parámetros!$C$16:$C$23,MATCH(G101,Parámetros!$A$16:$A$23,0)) -> 0.023 | Q101: =IF(Z101="","",INDEX(Parámetros!$C$27:$C$31,MATCH(Z101,Parámetros!$A$27:$A$31,0))*P101) -> 0 | S101: =(Q101+0.5*(1-(N101/L101)^2)+(1-(N101/M101)^2)^2)*(M101/N101)^4+IF(Z101="",0,INDEX(Parámetros!$E$27:$E$31,MATCH(Z101,Parámetros!$A$27:$A$31,0))) -> 0.36359093 | U101: =IF(H101="","",(Q101+0.5*(1-(N101/M101)^2)+(1-(N101/L101)^2)^2)*(M101/N101)^4+IF(Z101="",0,INDEX(Parámetros!$E$27:$E$31,MATCH(Z101,Parámetros!$A$27:$A$31,0)))) -> 0.45884437 | V101: Crane fórm. 6 con el paso de rosca + Perry 0,04; reducida: contracción desde la medida mayor | W101: 0.68 | X101: https://latiendadeljardin.com/es/piezas-de-polietileno/1638-2100-machon-reducido-polietileno.html | Z101: ROSC | AA101: BSP | AB101: =IF(COUNTIFS(Packs!$D$2:$D$70,A101,Packs!$F$2:$F$70,">0")=0,"",_xlfn.MINIFS(Packs!$F$2:$F$70,Packs!$D$2:$D$70,A101,Packs!$F$2:$F$70,">0")) -> 0.99 | AC101: =COUNTIF(Packs!$D$2:$D$70,A101) -> 1
A102: PE-MAR-1x3/4 | B102: Machón reducido PE | C102: 910-MR | D102: machon | E102: Machón reducido rosca macho × macho | F102: Rosca M × M | G102: 1" | H102: 3/4" | I102: 1" × 3/4" | J102: 10 | K102: Plástico (PE según el título; la ficha dice también PP) | L102: =INDEX(Parámetros!$B$16:$B$23,MATCH(G102,Parámetros!$A$16:$A$23,0)) -> 26.6 | M102: =INDEX(Parámetros!$B$16:$B$23,MATCH(IF(H102="",G102,H102),Parámetros!$A$16:$A$23,0)) -> 20.9 | N102: =INDEX(Parámetros!$B$16:$B$23,MATCH(IF(H102="",G102,H102),Parámetros!$A$16:$A$23,0)) -> 20.9 | P102: =INDEX(Parámetros!$C$16:$C$23,MATCH(G102,Parámetros!$A$16:$A$23,0)) -> 0.023 | Q102: =IF(Z102="","",INDEX(Parámetros!$C$27:$C$31,MATCH(Z102,Parámetros!$A$27:$A$31,0))*P102) -> 0 | S102: =(Q102+0.5*(1-(N102/L102)^2)+(1-(N102/M102)^2)^2)*(M102/N102)^4+IF(Z102="",0,INDEX(Parámetros!$E$27:$E$31,MATCH(Z102,Parámetros!$A$27:$A$31,0))) -> 0.23132653 | U102: =IF(H102="","",(Q102+0.5*(1-(N102/M102)^2)+(1-(N102/L102)^2)^2)*(M102/N102)^4+IF(Z102="",0,INDEX(Parámetros!$E$27:$E$31,MATCH(Z102,Parámetros!$A$27:$A$31,0)))) -> 0.18642337 | V102: Crane fórm. 6 con el paso de rosca + Perry 0,04; reducida: contracción desde la medida mayor | W102: 0.68 | X102: https://latiendadeljardin.com/es/piezas-de-polietileno/1638-2100-machon-reducido-polietileno.html | Z102: ROSC | AA102: BSP | AB102: =IF(COUNTIFS(Packs!$D$2:$D$70,A102,Packs!$F$2:$F$70,">0")=0,"",_xlfn.MINIFS(Packs!$F$2:$F$70,Packs!$D$2:$D$70,A102,Packs!$F$2:$F$70,">0")) -> 0.99 | AC102: =COUNTIF(Packs!$D$2:$D$70,A102) -> 1
A103: PE-MAR-11/4x3/4 | B103: Machón reducido PE | C103: 910-MR | D103: machon | E103: Machón reducido rosca macho × macho | F103: Rosca M × M | G103: 1 1/4" | H103: 3/4" | I103: 1 1/4" × 3/4" | J103: 10 | K103: Plástico (PE según el título; la ficha dice también PP) | L103: =INDEX(Parámetros!$B$16:$B$23,MATCH(G103,Parámetros!$A$16:$A$23,0)) -> 35.1 | M103: =INDEX(Parámetros!$B$16:$B$23,MATCH(IF(H103="",G103,H103),Parámetros!$A$16:$A$23,0)) -> 20.9 | N103: =INDEX(Parámetros!$B$16:$B$23,MATCH(IF(H103="",G103,H103),Parámetros!$A$16:$A$23,0)) -> 20.9 | P103: =INDEX(Parámetros!$C$16:$C$23,MATCH(G103,Parámetros!$A$16:$A$23,0)) -> 0.022 | Q103: =IF(Z103="","",INDEX(Parámetros!$C$27:$C$31,MATCH(Z103,Parámetros!$A$27:$A$31,0))*P103) -> 0 | S103: =(Q103+0.5*(1-(N103/L103)^2)+(1-(N103/M103)^2)^2)*(M103/N103)^4+IF(Z103="",0,INDEX(Parámetros!$E$27:$E$31,MATCH(Z103,Parámetros!$A$27:$A$31,0))) -> 0.36272465 | U103: =IF(H103="","",(Q103+0.5*(1-(N103/M103)^2)+(1-(N103/L103)^2)^2)*(M103/N103)^4+IF(Z103="",0,INDEX(Parámetros!$E$27:$E$31,MATCH(Z103,Parámetros!$A$27:$A$31,0)))) -> 0.45660481 | V103: Crane fórm. 6 con el paso de rosca + Perry 0,04; reducida: contracción desde la medida mayor | W103: 0.68 | X103: https://latiendadeljardin.com/es/piezas-de-polietileno/1638-2100-machon-reducido-polietileno.html | Z103: ROSC | AA103: BSP | AB103: =IF(COUNTIFS(Packs!$D$2:$D$70,A103,Packs!$F$2:$F$70,">0")=0,"",_xlfn.MINIFS(Packs!$F$2:$F$70,Packs!$D$2:$D$70,A103,Packs!$F$2:$F$70,">0")) | AC103: =COUNTIF(Packs!$D$2:$D$70,A103) -> 0
A104: PE-MAR-11/4x1 | B104: Machón reducido PE | C104: 910-MR | D104: machon | E104: Machón reducido rosca macho × macho | F104: Rosca M × M | G104: 1 1/4" | H104: 1" | I104: 1 1/4" × 1" | J104: 10 | K104: Plástico (PE según el título; la ficha dice también PP) | L104: =INDEX(Parámetros!$B$16:$B$23,MATCH(G104,Parámetros!$A$16:$A$23,0)) -> 35.1 | M104: =INDEX(Parámetros!$B$16:$B$23,MATCH(IF(H104="",G104,H104),Parámetros!$A$16:$A$23,0)) -> 26.6 | N104: =INDEX(Parámetros!$B$16:$B$23,MATCH(IF(H104="",G104,H104),Parámetros!$A$16:$A$23,0)) -> 26.6 | P104: =INDEX(Parámetros!$C$16:$C$23,MATCH(G104,Parámetros!$A$16:$A$23,0)) -> 0.022 | Q104: =IF(Z104="","",INDEX(Parámetros!$C$27:$C$31,MATCH(Z104,Parámetros!$A$27:$A$31,0))*P104) -> 0 | S104: =(Q104+0.5*(1-(N104/L104)^2)+(1-(N104/M104)^2)^2)*(M104/N104)^4+IF(Z104="",0,INDEX(Parámetros!$E$27:$E$31,MATCH(Z104,Parámetros!$A$27:$A$31,0))) -> 0.25284324 | U104: =IF(H104="","",(Q104+0.5*(1-(N104/M104)^2)+(1-(N104/L104)^2)^2)*(M104/N104)^4+IF(Z104="",0,INDEX(Parámetros!$E$27:$E$31,MATCH(Z104,Parámetros!$A$27:$A$31,0)))) -> 0.22120898 | V104: Crane fórm. 6 con el paso de rosca + Perry 0,04; reducida: contracción desde la medida mayor | W104: 0.68 | X104: https://latiendadeljardin.com/es/piezas-de-polietileno/1638-2100-machon-reducido-polietileno.html | Z104: ROSC | AA104: BSP | AB104: =IF(COUNTIFS(Packs!$D$2:$D$70,A104,Packs!$F$2:$F$70,">0")=0,"",_xlfn.MINIFS(Packs!$F$2:$F$70,Packs!$D$2:$D$70,A104,Packs!$F$2:$F$70,">0")) | AC104: =COUNTIF(Packs!$D$2:$D$70,A104) -> 0
A105: PE-MAR-11/2x3/4 | B105: Machón reducido PE | C105: 910-MR | D105: machon | E105: Machón reducido rosca macho × macho | F105: Rosca M × M | G105: 1 1/2" | H105: 3/4" | I105: 1 1/2" × 3/4" | J105: 10 | K105: Plástico (PE según el título; la ficha dice también PP) | L105: =INDEX(Parámetros!$B$16:$B$23,MATCH(G105,Parámetros!$A$16:$A$23,0)) -> 40.9 | M105: =INDEX(Parámetros!$B$16:$B$23,MATCH(IF(H105="",G105,H105),Parámetros!$A$16:$A$23,0)) -> 20.9 | N105: =INDEX(Parámetros!$B$16:$B$23,MATCH(IF(H105="",G105,H105),Parámetros!$A$16:$A$23,0)) -> 20.9 | P105: =INDEX(Parámetros!$C$16:$C$23,MATCH(G105,Parámetros!$A$16:$A$23,0)) -> 0.021 | Q105: =IF(Z105="","",INDEX(Parámetros!$C$27:$C$31,MATCH(Z105,Parámetros!$A$27:$A$31,0))*P105) -> 0 | S105: =(Q105+0.5*(1-(N105/L105)^2)+(1-(N105/M105)^2)^2)*(M105/N105)^4+IF(Z105="",0,INDEX(Parámetros!$E$27:$E$31,MATCH(Z105,Parámetros!$A$27:$A$31,0))) -> 0.40943825 | U105: =IF(H105="","",(Q105+0.5*(1-(N105/M105)^2)+(1-(N105/L105)^2)^2)*(M105/N105)^4+IF(Z105="",0,INDEX(Parámetros!$E$27:$E$31,MATCH(Z105,Parámetros!$A$27:$A$31,0)))) -> 0.58593848 | V105: Crane fórm. 6 con el paso de rosca + Perry 0,04; reducida: contracción desde la medida mayor | W105: 0.68 | X105: https://latiendadeljardin.com/es/piezas-de-polietileno/1638-2100-machon-reducido-polietileno.html | Z105: ROSC | AA105: BSP | AB105: =IF(COUNTIFS(Packs!$D$2:$D$70,A105,Packs!$F$2:$F$70,">0")=0,"",_xlfn.MINIFS(Packs!$F$2:$F$70,Packs!$D$2:$D$70,A105,Packs!$F$2:$F$70,">0")) | AC105: =COUNTIF(Packs!$D$2:$D$70,A105) -> 0
...

Sheet Fuentes
A1: Dato | B1: Fuente
A2: Artículos, referencias, medidas, PN y precios | B2: latiendadeljardin.com, categoría 118 «Piezas de polietileno»: listados de las páginas 1, 2, 3, 6 y 8 y fichas de cada artículo y de cada pack, leído el 21/10/2026. Las páginas 4, 5 y 7 no se pudieron abrir directamente (la tienda devuelve siempre otra página); sus packs se han sacado de las fichas relacionadas y del buscador. Hay 4 packs sin precio confirmado (amarillo).
A3: Fabricante | B3: La ficha en inglés del tapón de 25 mm indica la marca Suinga (fabricado en España, certificado AENOR). Su catálogo técnico es la fuente para los diámetros de paso.
A4: Precio | B4: Columna «Precio»: precio del listado, IVA incluido, que es el «desde» (la medida más pequeña); la tienda no lo da por medida. La columna «Precio por unidad en pack» sí es de esa medida exacta (precio del pack / unidades).
A5: Espesores del tubo PE100 SDR 11 | B5: EN 12201-2 (PN 16).
A6: Diámetro de paso de los insertos | B6: ESTIMADO, sin dato del fabricante: la tienda no indica marca ni norma de las piezas. Sustituir por el del catálogo del fabricante.
A7: Paso de las piezas roscadas | B7: Aproximado por el diámetro interior del tubo de acero Sch 40, ASME B36.10M.
A8: fT y coeficientes n·fT | B8: Crane TP-410M (2009), pág. A-26 a A-29.
A9: Contracción y expansión bruscas | B9: Crane TP-410M, pág. A-26, fórmulas 5 y 6 (θ = 180°).
A10: K de manguito o unión roscada | B10: Perry’s Chemical Engineers’ Handbook, tabla de pérdidas en accesorios (0,04).
A11: Entrada y salida de depósito | B11: Crane TP-410M, pág. A-30.
